Input,Output,Target
0.027956417861323746,0.15221322704965554,0.17475344458327483
0.15008124886569763,1.042407290646722,0.8093169543004526
0.8755921512952497,-0.543280631022225,-0.7044710341935314
0.18249685809286842,0.8796981249779756,0.9113951526768818
0.34955137751758303,0.7657047417378494,0.8106706144060642
0.4158695401632678,0.5467643513532717,0.5043311932622017
0.6894902191389755,-1.1905559334428202,-0.9285925979102577
0.5370063168572928,-0.07952925468640998,-0.23042804876035092
0.49956916588804556,-0.07050250460803954,0.002707007255945111
0.2332131113631848,0.7166071034551057,0.9944426532532773
0.5142369919304668,0.41517012442313517,-0.08933440551699677
0.3909721613524767,0.9383986649856015,0.6327056247334982
0.22663478504115642,0.7677203001430178,0.9892430500311065
0.2689740742082882,1.1486241602081337,0.9929019919134336
0.690157931730165,-0.8763827501988883,-0.9301413233261626
0.14406546262766295,0.4102822369869596,0.7865424998155557
0.45919891614595143,0.5948085425336873,0.2535619424396522
0.040777068295698604,0.15287657464477394,0.25341597670071586
0.02377393121873317,-0.0173885212233319,0.1488211254239553
0.6158952525598588,-0.48475716228331,-0.6655207838680961
0.9851145841383454,-0.4917874379281005,-0.09339153079479236
0.7073317340695382,-0.7527385573942129,-0.9642779007011745
0.5251335082137799,0.220275162968435,-0.15726293903051566
0.7679429278231782,-1.171543404038488,-0.9936517163771217
0.4482434443313572,-0.06172922413873555,0.31949454781330905
0.02463008807810685,0.3246518612834265,0.15413843449185805
0.48954797077234036,0.19914625990888973,0.06562484141273163
0.2947600210955609,1.1241945941457308,0.960713265573343
0.1601585083904109,0.3441760703928731,0.8448611567195909
0.822493475829088,-1.362981876958863,-0.8980456092454264
0.24897883532002463,0.7558894007144259,0.9999794164716835
0.4192221291638055,-0.033973491886821916,0.4860308577529788
0.6844312606243458,-0.6002070090261471,-0.9163295629518082
0.5358796146737863,-0.12158850203338158,-0.22353356150681664
0.7065435895912351,-0.9983596228584275,-0.9629543188048839
0.7971978308146821,-0.878011357470676,-0.9563495523723977
0.4384242070768246,0.31449544618059416,0.3773120748457564
0.7384787215258246,-1.0236232607179185,-0.9973809642567089
0.9554893395566046,0.0005065432064028652,-0.27603726237102266
0.03457302721627287,0.2465961469498929,0.215524319697965
0.1815755508210588,1.0700223931171853,0.9089976402435944
0.20058033113098428,1.3894606797661435,0.9521769686503779
0.30383115308237363,0.6168469776946639,0.943343092238727
0.1608867059625585,0.8506257471448755,0.8473000783225357
0.2595270166019902,0.727974400773614,0.9982089244715122
0.23545023670785448,1.217704915518455,0.9958242055654466
0.5330118408737351,-1.0070504534937843,-0.20593541305742266
0.852582579870873,-0.8301983074338665,-0.7993730140364559
0.363878889825607,0.8842679447741564,0.7547507962765193
0.07999757896572945,0.4813114048580235,0.4817403438379252
0.8753384095450515,-0.6625316061537774,-0.7056016698729598
0.8841949786872232,-0.6250748437662623,-0.6650975249085086
0.9016066175884574,-0.4658272581420871,-0.5795886784019083
0.3251099339941316,1.2400164298989826,0.8906927242307233
0.9161948508404276,-0.6731769949736717,-0.5025651369038414
0.3835850646530067,0.7019609777138577,0.6679543566270915
0.4201054614004943,0.5295639142603672,0.4811728981974417
0.3622332640467476,0.25793662614976476,0.7614933405519524
0.32064693969326263,0.892613928443787,0.903088856504159
0.2764629174367649,1.109887825110195,0.9862087254161679
0.39084540283967717,0.7368315565232549,0.6333221866766541
0.6354314633280683,-1.058660549218665,-0.7519011037192044
0.01302064228830413,-0.29020160709740467,0.08171987777724365
0.14645150203004065,0.6858499112600402,0.7957118211679463
0.4301003327830386,0.2100550466319113,0.42520879545611195
0.8395277451581228,-0.799810943097218,-0.8459141460869015
0.9384556387073786,-0.45596519282826886,-0.37712917402758267
0.7630098181163987,-1.474564714418993,-0.9966608928907238
0.3623820025034975,0.3912872895149204,0.7608872574397305
0.3021445465353879,0.7308582389287618,0.9468064293757738
0.8504549147025801,-0.8552307567222275,-0.8073336174001094
0.3683555856194055,1.1005624140925208,0.7360024423512661
0.8913792028562791,-0.3638172895154532,-0.6307230357785079
0.617227720486545,-0.4814996447085568,-0.6717461812122929
0.24267958982539284,1.3592672002066266,0.9989423937562938
0.5709306261739826,-0.5863332449091656,-0.4310627747928576
0.24069583846885867,0.51978519339219,0.9982917141807639
0.20619447245065448,0.8246329487232544,0.962360475051971
0.5780927792019497,-0.06885675529843527,-0.471218182872931
0.5780512438015276,-0.6134835805287298,-0.4709879828628569
0.14102777625597673,0.9593212779517182,0.7746134466753795
0.8867015281104939,-0.2231027606698977,-0.6532547754291251
0.9710926119644552,-0.016285994118057978,-0.18063346805079855
0.20947980363109497,1.1154624791426218,0.9677651484254043
0.9287452752341269,-0.41077100934085053,-0.43289934244867917
0.6661151891842534,-0.22636880012029725,-0.8642876906955729
0.07166027002448472,0.30825663181623586,0.4351949140496253
0.8025089387672025,-1.0434593805768797,-0.9460671648599503
0.28186165222725745,1.1837217176813282,0.9800282829977243
0.3190939226105798,1.5668102838852263,0.907236360015301
0.853405000672392,-1.451345892813323,-0.7962575867967935
0.05154580732108349,0.7612110094796549,0.318239499448965
0.8607647902725121,-1.2144887652737548,-0.7674413329742856
0.9679310729473397,-0.322031165408957,-0.20013431881391544
0.41896347265170375,0.0553609813285561,0.487450533696042
0.4879731665682663,0.04520849268244609,0.07549492487275623
0.1007959516906396,0.3625184141626439,0.5918238694308017
0.34996382666927117,0.8146359932126137,0.8091505675082828
0.9065834692988934,-0.6392577819230024,-0.5538268785929806
0.3585647061797388,0.6003402715760662,0.7762302607157006
0.5820448891523329,-0.7191532539108705,-0.49297275454440803
0.03311549611752007,0.0006608544688727347,0.20657269452636368
0.5789480479090949,-0.3526930899662646,-0.4759511478133657
0.20467499115696364,1.3412889101180738,0.9597219586291873
0.14449510253657394,0.14727301256236558,0.7882066751508052
0.9687553572822223,-0.10314975110215331,-0.19505730789144085
0.23657766922474044,0.6163742129218666,0.9964459118577056
0.93827217797679,-0.6021384699189893,-0.37819652509337565
0.5665379046009731,-0.8640264842046166,-0.40599741895477737
0.2348142326315933,1.2264765981993795,0.9954514422210714
0.9500550415431319,-0.405782884524421,-0.30868806611593935
0.1393067409119867,0.5157800279232032,0.7677294024206226
0.5837804470165296,-0.39161975417186123,-0.5024309473051072
0.22961761992711327,1.0997944023367048,0.9918107169826167
0.725209941878902,-1.2000956459639331,-0.9878938345156115
0.3448770672865681,0.8780424738552554,0.827514485777153
0.6519077439981471,-0.9555508567119247,-0.8160043168962853
0.22486172252205583,1.0182404649866585,0.9875520539682978
0.779839521819994,-1.0725079572654854,-0.9824756905818447
0.5196436431536594,0.01962162773986134,-0.12311152077456727
0.26785845553598553,0.2639123344813329,0.9937112863983427
0.5920647160871108,-0.019770559661508424,-0.5467348598584648
0.8508012420589007,-0.41201613680892424,-0.8060476366927795
0.14630266561946648,0.7362059694149266,0.7951450658108764
0.27619814443336566,1.0588467717917711,0.9864826998691765
0.38914143359857345,1.2686458074992526,0.6415712529714271
0.1698358060840539,0.7245928778304387,0.8758092074140257
0.35457156891007424,1.1488879709023498,0.791802039308486
0.8464359661807248,-0.6416115176838857,-0.8219756148315427
0.05251843967918901,0.4631453999916594,0.32402702939911165
0.7450772689609605,-0.8479331820341096,-0.9995216923432606
0.9420366869183067,0.08241164258067912,-0.35619649642192525
0.6192134326053359,-1.047994909770024,-0.6809360892844806
0.9435511852306124,-0.30717382238799495,-0.3472887659895303
0.21968050671450023,0.8051000967378469,0.9819091158665512
0.4294175226005317,0.4189820655985761,0.4290879308877208
0.13423401674196278,0.8272181876350885,0.746919622951952
0.7245578998733897,-0.9871105311678218,-0.9872499873868381
0.16559638550968048,0.6438635467430837,0.8626434598219996
0.7289634513262051,-0.8387803427346479,-0.9912773922168098
0.15205195907673064,0.6373987007346489,0.8165277665088801
0.2522163191126351,1.1839712480438347,0.999903041183421
0.24814017838407665,0.6032589357774927,0.9999317241082641
0.5064236557330918,-0.1996451849366334,-0.040350062116386774
0.34487344428495637,0.7084294380488484,0.8275272662769485
0.8350290881711503,-0.7953503601580296,-0.8606489769770193
0.1758632056096482,0.4768508552986626,0.8934557066434048
0.6887428668389514,-0.6496062258733328,-0.9268397689689832
0.5345289895061666,0.016210515187363633,-0.21525411716212797
0.8888525868124326,-0.6391346411344774,-0.6429623220890864
0.8628312068133479,-1.1070411168351604,-0.7590527967014131
0.01731925666932621,0.14959523397318042,0.10860545493630394
0.2751977257912289,1.4846026415324536,0.9874932324209542
0.8246804821293351,-1.0837815512535836,-0.8919161547955458
0.40903151978605257,0.8144694640094085,0.5409546969350906
0.7425400487363656,-0.8279450770884106,-0.9989016969045271
0.571924637765987,-0.5146482367255446,-0.43668983589151356
0.3866816907229874,0.6575324637515038,0.6533491415556296
0.16375095862434197,0.5457191909280656,0.856720625538549
0.13744172259046317,0.9589236413177651,0.7601681076889101
0.12324437832364188,0.0297129854558128,0.6992638976006325
0.27302269273536195,1.006915121931444,0.9895555751031232
0.8605696914994787,-0.09766091406442434,-0.7682266668165172
0.8811021623671278,-0.340355315054694,-0.6794825583353536
0.7679723215282308,-0.8177357888524011,-0.993630922231685
0.16665632038633227,1.161976167399184,0.8659928981562647
0.29679157020510216,1.1458155082045753,0.9570923728851037
0.09779765855047706,0.23913092654995527,0.5765343849831949
0.3514177959345103,1.2002176388386696,0.8037488106926292
0.34406033288475446,0.978408659137332,0.8303847376115275
0.946398184699463,-0.1607123905010384,-0.33045926728378017
0.7689120072468888,-0.7724265516525135,-0.9929482986344048
0.9663381344212447,-0.21515640895448598,-0.20993036704542278
0.705861813519139,-1.1127952220028965,-0.9617903181350453
0.9592122213499675,-0.28385867368840395,-0.25348107457958735
0.2661888807330972,1.5882809561404632,0.9948312098122593
0.4354100280715675,0.1612201029519398,0.39478218022172507
0.27650607982578956,0.8220307628821164,0.9861638042781571
0.612076198138206,-0.445871743605731,-0.6474209197278644
0.08665037371676576,0.6223565753318648,0.5179394416308999
0.027211665703605115,0.1797660370712334,0.17014413810211393
0.5757370820003908,-0.4812683433684782,-0.4581120660776827
0.06555946256417444,0.40832559826636916,0.40037152772929463
0.9652819375529886,-0.7181978058181854,-0.2164140967683853
0.04602159724278254,0.04508456485074053,0.2851493307522812
0.09785427111202705,0.4552447286473301,0.5768249872243925
0.47551984065546704,0.41128336360679485,0.1532075941752503
0.5599101506029799,-0.3563870268995678,-0.3675995976511494
0.16408467877111854,1.003512083106877,0.8578002436005345
0.8333063102774867,-0.9749647236120839,-0.8661102867344597
0.6550508192508302,-0.7423911396992907,-0.8272600091361927
0.19716526141289648,0.64969878980426,0.9454019957276124
0.5480613791359353,-0.492983911924358,-0.2974098091823229
0.051750916728152574,0.5570828405172376,0.3194609740844914
0.349636449418949,0.277492736931907,0.8103575343489818
0.7322883965312407,-0.5080638207330277,-0.9938141804188949
0.9815681661387273,0.11241185142109164,-0.11555192393517158
0.4853945753388873,-0.04473400906084639,0.09163983939517976
0.9045882524196497,-0.822539824463776,-0.564221223311529
0.8638973762063789,-0.5857392514641336,-0.7546745932349124
0.09762791197847476,0.6207023102640489,0.5756626088293905
0.6355141093866483,-0.7164580485444547,-0.7522433514545912
0.1694629838267836,0.9700116523595472,0.8746761749204683
0.23773283658004907,1.241402758286082,0.997031049028081
0.5843576464976007,-0.07902937674802168,-0.505563301894531
0.3100383397333537,1.162365659480692,0.9296877793081744
0.01196851389406517,-0.09829458872970945,0.07512953308035583
0.14463425123814144,0.662865906921891,0.7887444255421417
0.346604586575915,0.6786787151516354,0.8213717596019633
0.3247909194973778,0.5402932322246268,0.8916021586535775
0.05595914804204283,0.5070339838632232,0.3444019572210573
0.6512617413111078,-0.7723666127806035,-0.8136513397847507
0.7690355430557408,-1.5558705188409863,-0.9928559826035934
0.23716806721129124,1.0284732555051108,0.9967515317880828
0.37354973183477247,1.093623127480922,0.7135207069275951
0.985513961178069,-0.06138846981398423,-0.09089284668855022
0.7261057880239712,-0.9822897574722633,-0.9887513791434206
0.5349122278022332,-0.28406697345057397,-0.2176050009078598
0.07938234933193122,0.3882794487049483,0.4783492719814818
0.1740046080299419,0.8152606713939352,0.8881497547057201
0.5788754423065247,-0.6648987398242758,-0.47554988817949356
0.9444491251315469,-0.788143103463864,-0.3419925071707054
0.1504147609691131,0.7095151797333806,0.810546025626926
0.3947307930357401,0.47548290009394323,0.6142427054445533
0.683098691029349,-0.7030344214738792,-0.9129448127645283
0.08118497104765321,1.0014016277765496,0.4882647084861285
0.3378585211409396,0.925450851967177,0.8514609931274767
0.2841349106879194,0.5891852858633748,0.9770880606618961
0.5801282718701062,-0.46876190092902087,-0.48245978212501767
0.43606159743118544,0.3742726425351618,0.3910174819739633
0.47827212316180423,0.40304568335129265,0.13609659890534095
0.09209299676641658,0.3124566374109836,0.546883634394252
0.97283267866921,-0.3121264546345798,-0.16986957015309864
0.02885947149795831,0.8698261405923835,0.1803373438153541
0.193400304924912,1.130469430992188,0.9374285838529081
0.15359218515961448,0.5896222377832651,0.8220763391952427
0.9847485004956241,-0.29020303733184105,-0.09568140009266832
0.07500603497666158,0.5316938375676182,0.45402428537967554
0.4873524063121374,-0.40859249227939143,0.07938356161244348
0.009994058080851742,0.07077139208613688,0.0627532589769475
0.8967811111247188,-0.7333550680412095,-0.6040261932636335
0.044723189298392474,0.3979870804712677,0.2773204912976798
0.008643997291031047,0.6284585975237691,0.054285139423560766
0.4928083752540714,0.03570274483319373,0.045170935586205815
0.36516401475188953,0.8339154076650253,0.7494291663656584
0.6943819323329755,-0.6028513123725707,-0.9395582112816108
0.3971651129378556,0.3990324624832448,0.602101557357396
0.9844913414634134,0.04651843435531988,-0.09728963917350567
0.40642716066615125,0.11476231415719945,0.554644352507874
0.6437599177005685,-1.0964869828849213,-0.7853555080409595
0.2530320018121476,0.4804306541161477,0.9998185422509137
0.6456991690077224,-0.7467137470049795,-0.7928398851728631
0.9649841514152877,-0.07744729656502042,-0.21824042171033825
0.07207352077327778,0.7862659641947127,0.4375311954348027
0.06864681418256957,0.7729726988483185,0.4180708680287829
0.9510542463469326,0.36361543933777435,-0.30271043870115605
0.21015328511377473,0.408686624471565,0.9688222297632455
0.1374872702608716,0.9231733133092074,0.7603540181633176
0.31444701246827633,0.6504041314169047,0.9191289827372705
0.35866818892561625,0.5660326372316997,0.7758201775944805
0.5494065199674888,-0.5812890165824482,-0.30546841669034264
0.11727062435002411,1.0110680567941548,0.6719458514079873
0.4341787367414579,0.6089969833146781,0.4018783330073583
0.6287166030618967,-0.8017905636733241,-0.7234249215251439
0.3789641793409785,0.7592331344556689,0.6892768870459012
0.6604310901469984,-0.914584084567912,-0.8457761772597312
0.11542481588920639,0.34439997536806255,0.663311701333933
0.570735840099507,0.012124406037984203,-0.42995812115896626
0.5219371918883333,0.09599217745973487,-0.13739940921619126
0.37833573040681756,0.6647952815386031,0.692132303175691
0.4770602798891407,0.26746030907793916,0.14363597056027153
0.989985726202284,-0.1792202575950559,-0.06288002722006121
0.4253266285943772,0.8607193742800394,0.45216096079991086
0.22717201559654054,0.8348550038433231,0.9897311882889759
0.01254236619025395,0.04038452412832646,0.0787244669798583
0.9771287460202251,-0.42839139996350417,-0.14321023266189156
0.744619515327397,-1.0251067187220628,-0.9994286119209601
0.6176923672057036,-0.42799436595301055,-0.6739059981133404
0.9956621812371278,0.03716927692512234,-0.027251944794792763
0.17591218130183361,0.7739097222660192,0.8935938786848353
0.40376812628693726,0.7784394029843632,0.5684681558440613
0.17037995041568432,0.6882839190846182,0.8774542718323599
0.08510931916187292,0.5514114045265842,0.5096325156949895
0.8661990030710889,-0.41348461016835286,-0.7451077991552194
0.530433728537385,-0.4033347990158518,-0.19005754150677698
0.7501224073568085,-1.1101436696602556,-0.9999997042363754
0.49274607827848316,0.4423957239190319,0.045561956020815836
0.22027962799307066,0.9355612349416891,0.98261495489721
0.307325575703034,0.6013853244499239,0.9358308562624221
0.7975084674340863,-0.8216715613550154,-0.9557773697777618
0.2044368305850427,1.3221577292180156,0.9593004664276223
0.6775358113190845,-0.8462661240674911,-0.8981265433669853
0.9885492672136628,-0.47441798491818343,-0.07188502114091336
0.2960057624534411,0.9156951982261572,0.9585114688212835
0.4455484712988954,0.8283533755001398,0.335493501994161
0.4593811623122619,-0.06960143505337768,0.25245411240516136
0.5608852955815185,-0.6586100446148234,-0.3732906904970123
0.8645310034721996,-0.8842530155516684,-0.7520565585618331
0.16955174676046436,0.588159939162612,0.8749463671457521
0.5039110435703994,0.0573105840831485,-0.024571338331631873
0.2808026197363457,0.8035632846153428,0.9813297984590523
0.13252503398766946,0.6236167577253893,0.7397369461093014
0.7960610139899685,-0.7482007278072299,-0.9584124529717041
0.7070123258198007,-0.5086590734620816,-0.9637443457338404
0.8409296737378048,-1.2983181386176181,-0.8411836070295938
0.23954525359112122,0.17373760818525041,0.9978432461883399
0.5752868505526418,-0.6125732457917972,-0.455595653898317
0.3970176582619862,0.38089223437094655,0.602841022579611
0.14613243291645206,0.48306398135735934,0.7944959828514552
0.0785647699158869,0.2778295626754329,0.47383182008401487
0.1298569136928237,0.4000240832287442,0.7283528991905786
0.15241858146346998,0.8544973399191643,0.8178554562378859
0.5820220937503884,-0.23163350512287628,-0.4928481349501578
0.8760763993116798,-1.0377960922366372,-0.7023083296503445
0.8689816754713471,-0.7389621538469907,-0.7333336287526714
0.9912822492673051,0.3091682133807298,-0.05474785681460225
0.5171576045485682,0.21255436602648267,-0.10759571673492871
0.12208891230870011,0.5282297613323208,0.694055599995754
0.15013870062934587,0.8805186871543578,0.8095289312178862
0.8545891046988215,-1.2036260650659811,-0.791734738630908
0.3358297097200996,0.8524922775847986,0.85807659772293
0.2253068059173109,0.7564827507461794,0.9879880668370538
0.5834476676988527,-0.888944062539095,-0.5006220097260663
0.2695371017238043,1.0965900107546394,0.9924750331976515
0.9656701578205792,-0.0313516053535961,-0.2140320018190793
0.7984655539461011,-0.3353377236946409,-0.9539915661436726
0.06015226377525418,0.5938430676681494,0.36901390265400336
0.8805658195310321,-0.5973632919668235,-0.681951193307737
0.32886407633975734,0.9027949872110653,0.8797227128675279
0.2409774736542286,0.6631140162310234,0.9983935406332337
0.9554448539432214,-0.05301145717039238,-0.27630590306411906
0.19219954421191,0.9995982373329074,0.9347750676648859
0.5985593259460663,-0.8184626834333955,-0.5804380314978546
0.5535299758766811,-0.48616631097249274,-0.3300332116579355
0.4872716565855507,0.04963910509014903,0.07988931569719261
0.044427689340070464,0.3396849755654578,0.2755361570555785
0.5052748209576099,-0.3029476649432482,-0.03313661034779558
0.685641233553687,-0.6575195342007338,-0.9193472771016072
0.3661423365976848,0.721185363956255,0.7453452146524523
0.25971863060992406,1.337057127262097,0.9981361758357955
0.5769311670829124,-0.4821247822855326,-0.464768180920505
0.43820018138784456,0.802564679069913,0.3786152548156928
0.8943430196137974,-0.1851498986456444,-0.6161635266826544
0.5048133701969378,-0.08702226500288296,-0.03023868673635085
0.33053988438086146,0.667799463929173,0.8746674396276038
0.9885283889203994,-0.15335533191987916,-0.07201586332938138
0.1430244239155981,1.0069476589740476,0.7824863743686635
0.1684101412261424,0.4048783640513324,0.8714506189371318
0.8529350301090819,-0.10893924482820572,-0.7980404996684421
0.4358464529561654,0.5366245687066344,0.39226129160545614
0.2624390159469394,1.1253765683217816,0.9969473240413734
0.7418459860244571,-1.2802780556380646,-0.9986878676412676
0.9606063726816775,0.6361376826325282,-0.24499783585826101
0.7324617745758638,-0.6833095406842442,-0.9939345710829329
0.37998332155481085,0.6851789314414554,0.6846234935344642
0.013348612420068795,-0.5354743408615099,0.08377350758966565
0.4309408560610959,0.35078433626043914,0.42042293179758883
0.8851880152041052,-0.41721266431183573,-0.66042527209629
0.31645927196799606,0.23275944692332495,0.9140747001060496
0.9327525196650124,-0.8201537527967089,-0.41006778342093164
0.6657012429115672,-0.9479609264807851,-0.8629765213014332
0.4526741891141659,0.9747697849900022,0.292994069737319
0.9211716048520123,-0.2193349851267971,-0.47528982611858095
0.9378653984032314,0.24693252102508373,-0.38056132217221933
0.3294169271474767,0.8843283900503782,0.878065726344332
0.8929822944390938,-0.21024857812880676,-0.6228748155151123
0.3445700793375519,0.41748155785892926,0.8285958945165152
0.5438487862759127,-0.2586859479889327,-0.2720377862643267
0.6025754615068565,-0.3123730293308542,-0.6007993192115287
0.7425390869360241,-0.9439890883595139,-0.9989014137329938
0.259590370258733,1.1384136773845932,0.998185031573303
0.4072502130026624,0.6181131005037482,0.5503339058264222
0.6304443424303797,-0.7121675295075991,-0.7308769612863069
0.7700299502073162,-0.6233383349421744,-0.9920910982012601
0.6291838095239565,-0.8548691282430892,-0.7254485106796245
0.7432942962854714,-1.8356294229732755,-0.9991125289099897
0.0724454673093825,0.8003009722736747,0.43963144476624616
0.9411965200724263,-0.3823581836477645,-0.36112419548214053
0.18450962659979442,0.9866636889617824,0.9165266162769025
0.7467703416605276,-1.1133463290475816,-0.9997941134383918
0.710663643902493,-0.7606062979798107,-0.9696117241542779
0.15895616232393495,0.8325598524603021,0.8407955038312253
0.7655701230322494,-1.0653526019340984,-0.9952184640349593
0.7641053037482396,-0.7635998541153092,-0.9960752649819603
0.8104458460519047,-0.4524776076117035,-0.928741599452489
0.7291365596965093,-0.852179910931122,-0.9914201522988365
0.6178976268843599,-0.40273290974805187,-0.674858278432537
0.5420558208196069,-0.043892092133800575,-0.26118008100684065
0.3105080833517535,0.9407357464048197,0.9285965559312401
0.6317912972856591,-1.1543508513579435,-0.7366269075637482
0.08414255235679102,0.18225144219943273,0.5043968009259676
0.46908046483230603,0.23572542360855722,0.1930534280538393
0.25708376534700184,1.100464631232836,0.9990096553094052
0.4587846566359578,0.22900372110432524,0.2560788859561831
0.05561280236420074,0.602056602702663,0.34235812139995053
0.6033101955385988,-0.6720097676555633,-0.604483309709355
0.3207253620385637,0.5503251207532415,0.902877136929055
0.8451256819215314,-1.187985250632618,-0.8266364488602299
0.6748822208702838,-0.9908327145969171,-0.8906703145172054
0.8970285292923401,-0.8566810494156156,-0.602786523496038
0.4142967937679486,0.6974684728137813,0.5128395157311327
0.3477199917936433,0.19256122946399568,0.8173541355417457
0.9150514045076792,-0.9117771029845707,-0.5087633832603118
0.5269677416949768,0.03171768854470097,-0.16863366596192136
0.9584832298647464,-0.39286768664678895,-0.2579091947620122
0.8696642769495166,-0.7741547295647164,-0.7304109951429264
0.3490558232465466,0.9736969769327071,0.8124897370415511
0.24965425468711466,1.2685214592815415,0.9999976403794335
0.7072995102984874,-0.9116912591540726,-0.9642242486665259
0.887274670954177,-0.9100421957988265,-0.6505239677929284
0.9681179573196966,-0.6710876221414854,-0.1989837084141171
0.7300479372640298,-1.1299540178608676,-0.9921524065199028
0.3444179222969772,0.9578149975851553,0.8291307469436238
0.07994814730865663,0.4570645006788694,0.48146814776244373
0.4625126876519159,0.09593190962393194,0.23336784688477444
0.49133532179830697,0.08529429934370233,0.054414889356148986
0.6894859497419555,-0.9210844137807145,-0.9285826426446663
0.6513215159558879,-0.8543012007716592,-0.8138696242061247
0.4272428950644418,0.500649909577211,0.4413893030128654
0.1849273317436152,1.2053846663237027,0.9175731970178147
0.369959861566198,0.7730219437554419,0.7291412451125021
0.04382407503120511,-0.1263482418271169,0.2718883732443456
0.3638592321523556,0.828954303781484,0.7548318163528258
0.12901920659559085,0.7844051845957261,0.724736286199263
0.17641733589223285,0.3770445316940937,0.8950140997188323
0.8231100785661298,-0.862177219340217,-0.8963345912589772
0.16793077012210178,1.0802972591887121,0.869969343767377
0.15234305223205258,0.7402436318522266,0.8175822886823929
0.06653791006153009,0.987057534652421,0.40599745030952006
0.8020878384473691,-1.1914722769726604,-0.9469210303003427
0.9592949867416796,-0.6585720940180999,-0.2529779940439689
0.8634951102036756,-0.9158006407894157,-0.7563304796043252
0.382637810491549,0.3538068532701688,0.672371822967253
0.6557032442026198,-0.8802298703890402,-0.8295561214656649
0.6329963988701656,-0.6203147112250326,-0.7417265972373626
0.48261245820840226,-0.20945381377759092,0.10903195515613053
0.4344367982462801,0.3846338957275387,0.4003930564329322
0.477894781074399,-0.3297343673431406,0.13844506448563015
0.05473409711943378,0.1580014212716637,0.33716550265417267
0.6750960855637549,-0.6262259939869443,-0.8912804464829944
0.09440131603730606,0.6521066756856776,0.5589682272118688
0.9609582749474472,-0.7935660435683517,-0.2428535568947857
0.2767547309560833,1.4746806289955345,0.9859036089435441
0.5182293847653482,-0.3771759453903706,-0.11428832634230537
0.17303105400939334,0.9595901353127472,0.8853220538735244
0.5553716808823518,0.09066511614350892,-0.340934270904206
0.3091836366634946,1.26401533128118,0.9316524903963952
0.5011839736805753,-0.4760584802613821,-0.007439057419789676
0.5128924826650588,-0.2874213749161516,-0.08091729399924458
0.8611378121403394,-0.6336054529798301,-0.7659365934593142
0.5627369372958924,-0.03097822206828882,-0.3840584065910283
0.5124678303383704,0.14019055411500847,-0.07825758927417661
0.6680909759166714,-0.6175496498439178,-0.8704652645739365
0.33977469526419635,0.8416515612511339,0.8450856124659961
0.13160499230729417,0.49980817444095227,0.7358347346842276
0.33258782251967933,1.1511337424999253,0.8683579855552963
0.9652807838230579,-0.2916114553652933,-0.2164211740700636
0.6016291296805945,-0.5199952751926048,-0.596035512406344
0.7997535717821483,-0.17860113724643845,-0.9515338438205055
0.2929814043189325,1.3654634489048225,0.9637548565695557
0.14002799895379991,1.1665316571290598,0.770625368147218
0.7502664068436391,-0.8994449950977836,-0.9999985990572313
0.778079990305545,-0.6163327317290899,-0.9844762446581293
0.5200887948381666,0.08260299385228015,-0.12588672913010482
0.31377608345776575,1.1472620716227515,0.9207815636184057
0.03583301548207951,0.11771394821714536,0.2232481692970599
0.5250784419491037,-0.8119811941254689,-0.15692124333263247
0.8839927171183182,-0.4724129414540882,-0.6660460007763768
0.5856925830472433,0.48794048429422476,-0.5127822129474473
0.40860833587968126,0.7340206280452468,0.5431890905659669
0.31876022470961507,0.9924252664333029,0.9081162756815152
0.13882025856569535,0.7368392309492959,0.7657671909359862
0.9316330622080826,-0.5257183278691837,-0.41647276185632215
0.04814541796694538,0.49675650978434754,0.29791390577462995
0.4906103838905258,-0.6683980023002217,0.0589624798481597
0.2436806468395014,1.2592693811782891,0.9992118335630196
0.3615604530599934,0.8199094354186289,0.7642266110129904
0.42432981885030463,-0.11025399733634139,0.45773837844265425
0.563011197141209,-0.6308528110203886,-0.3856489047763415
0.6288383108909767,-1.0580648384892146,-0.7239526700352493
0.027060341897762186,0.2000873694499423,0.16920712919607717
0.09208208509246796,0.11914479898107161,0.5468262340271758
0.4561625130086384,0.08813740754229263,0.2719694675638951
0.6346136390178057,-0.7871100567183054,-0.7485034750544162
0.5808515811964129,0.17276033231651966,-0.4864355593232955
0.6080984228027501,-0.5851613335415214,-0.6281726491024672
0.7069729243750542,-0.890608373431035,-0.9636782586661736
0.7893981188783601,-1.3788541346400904,-0.9695167109669025
0.9158591254098796,-0.05043787542174272,-0.5043876984190133
0.0514285348601663,0.829608071619087,0.3175408768104251
0.9652402475399587,-0.3351691926008171,-0.216669827731869
0.7448781737780776,-0.9798323330223072,-0.9994822239737962
0.8573634520290491,-1.013941066322313,-0.7809665508559887
0.1532254441546944,0.9326778842942433,0.8207621407823671
0.6308999927941832,-0.6936170208514321,-0.7328279433979247
0.01515736968982051,0.3071324094872723,0.09509266182291944
0.5301102485303667,-0.36853345004444094,-0.18806171168698005
0.7892023747779201,-1.1487738296629952,-0.9698173332449387
0.004585568014624508,0.26272527862297085,0.028807987460268983
0.8723020180990463,-0.9902478198351526,-0.7189914274899264
0.16643614759687453,0.9343415650076987,0.8653002986279852
0.8293386964899123,-1.1724525522384126,-0.8783008407450547
0.35719565376113394,1.1440423828823767,0.7816246085976415
0.4261170421971362,0.33118504299458495,0.4477257658754184
0.10856979822572022,0.34896924101597987,0.6304743427646659
0.9637960825176365,-0.5013123778244636,-0.22551919037675267
0.8795556587086076,-0.785616710308857,-0.6865796273701968
0.4815146556831874,-0.15347453657018892,0.11588588134243497
0.09892196727763858,-0.15277787473974158,0.58229195053152
0.8758785037025406,-0.5315480844759909,-0.7031929397840891
0.17600697531297826,0.6318199254097148,0.8938610746665244
0.06800793801121896,0.23750245418979646,0.41442097291912317
0.16322728635207684,1.390407159198362,0.8550189022618607
0.4327299487402887,0.19018709403972964,0.4101971244837377
0.5874587844080043,-0.6896114377432222,-0.5222777430658209
0.48564390156634507,0.547281430519758,0.09007975645303627
0.7888356278128453,-1.159143493595878,-0.9703766309140821
0.48238960139121556,0.4122491376622864,0.11042375053973946
0.1692866779055271,1.4304248986669958,0.874138697170137
0.327327534935402,0.633962842375149,0.8842721738727487
0.4007755125373573,0.7297038138715521,0.5838362017910997
0.6975073306660421,-0.9604033606056229,-0.9461002774386056
0.6652361185894435,-0.6143574038337257,-0.8614962815414526
0.22683598296286267,1.0672537994974085,0.9894271829171373
0.8610344287477676,-0.5037566760015637,-0.7663540553680493
0.06710000905238811,0.3150523345494318,0.4092225069690251
0.47285836221470146,-0.09245459764601235,0.1697105387934937
0.5831967260229824,-0.8449746715820947,-0.49925648115110394
0.06312722267633819,0.5445740511692811,0.38632142005794484
0.896076200087529,-0.5441668130270176,-0.60755008188758
0.4762727893432023,0.051481053955945905,0.14853083404543885
0.7644747846014721,-0.7572954620570163,-0.9958671029752703
0.46832300350408407,0.5697784444010067,0.19772096370987763
0.6203816970020009,-0.8901523821534068,-0.6862934013675223
0.8716621554356577,-1.26453653043104,-0.7217798465377374
0.18976295302482615,1.06783497778761,0.929227166393531
0.5752044180458412,-0.5881644684632631,-0.4551345305841471
0.6775410107605231,-1.0492266663275354,-0.898140908682615
0.15166101849332603,0.5894088451394919,0.8151072373839349
0.361011434753188,0.7613963171599089,0.7664468611145937
0.7606774228566875,-1.1784160793900322,-0.9977504288731699
0.5738501830100243,-0.22670609685475823,-0.44754161967868944
0.26053026046286487,0.7331037200711028,0.9978119888496355
0.5419770091059729,0.03768494264684974,-0.260702048352897
0.45427136555355674,0.10760940100623645,0.28338453091573756
0.8269361822602839,-1.3259266793575042,-0.8854177558293758
0.047223522398762485,0.4652821106438988,0.29237951700573694
0.5731970101210537,-0.008237364071898234,-0.4438677996336075
0.5691018821468472,-0.02459580288621377,-0.42066656337958613
0.712322291023084,-0.7684558604702096,-0.9721086542435708
0.5307148714219909,-0.13392847278437015,-0.19179151933260152
0.4084260187894244,0.1273057457183051,0.5441505345827216
0.27264064296701285,1.296507019010309,0.989898758756504
0.5337760994692264,0.4663776849185548,-0.21063207145519167
0.25912478096650926,1.4860556311339441,0.998356931488819
0.4346859362853174,0.7984091057896061,0.3989581402469497
0.185032311830991,0.7949539454791295,0.9178352362195626
0.9662781446123478,-0.3907988118863708,-0.21029887989458804
0.8764249655630555,-0.8788841868859232,-0.7007475692292677
0.5294663157995192,-0.5422510039159847,-0.18408642559757046
0.18810483009153955,0.8314401110872028,0.9253271540637518
0.7055488885441102,-0.5453133256671315,-0.9612501486272452
0.8660369761981224,-1.1295131600756596,-0.7457863918858405
0.8824048349450662,-0.8822432352464776,-0.6734546479482081
0.6383412737617237,-0.3361183323084362,-0.7638282303316485
0.1296377587774883,1.0599463938678193,0.7274086917488275
0.1813300488296825,0.7143218725257732,0.908353628733758
0.5597767859116792,-0.28625128930739774,-0.36682018374396386
0.9314692877496563,-0.06669459364555896,-0.41740807765777255
0.25505752228583123,1.0301934926232246,0.9994951425083807
0.46420748342747786,-0.11619132819391761,0.22300012212590367
0.6382551880734108,-1.3658284336681996,-0.7634790161123067
0.6993363795362515,-0.6123433176284079,-0.9497597596961128
0.8214476364933606,-0.6047381780270613,-0.9009168867937632
0.15242201643711173,0.6698307329280306,0.8178678751734336
0.1846476481988356,1.016286237219077,0.9168731348974188
0.29010232868220387,0.8848213365068034,0.968423065759889
0.7126428637592076,-1.4822477406670975,-0.9725790783961451
0.7720989184513698,-1.2618418842473715,-0.9903755945697469
0.2581783827941536,0.5284090912466817,0.998680014858916
0.7722632570908188,-0.5539846368227325,-0.9902321528708009
0.015163327871182686,0.23214257027340657,0.09512992846821496
0.24716021040685054,1.5276235463278502,0.9998408192504196
0.5903816785507988,-0.3001332661125575,-0.5378500832043531
0.3922055031130258,0.637030506248771,0.6266856767843965
0.8266700586117582,-0.9449182166869768,-0.8861937051631313
0.5189586593520367,-0.24790578040788253,-0.1188392538783594
0.7206802296337207,-0.37310651409364415,-0.9830791459040457
0.3108626064887603,0.37004738132063975,0.9277676350619987
0.7384775759197597,-1.3962125098714642,-0.9973804436162763
0.41573304300949754,0.4066166004336934,0.5050715860042336
0.13833208565156907,0.37654606732581763,0.7637909686000224
0.6988769960525978,-1.091778815146772,-0.9488524221544423
0.8414029008615019,-0.6515600036434082,-0.8395720402994791
0.22622163102310666,0.7525796311196441,0.9888599825396736
0.1416909021790307,0.7950894068879332,0.7772417829736482
0.5903545989157571,-0.5530814112124318,-0.5377066351427465
0.5234391543903304,-0.20460487248640108,-0.1467407567799923
0.46618374801275053,0.3859089021577693,0.21087869053415953
0.7820765117825573,-0.728807270946881,-0.9797589310431167
0.8028945065757533,-1.1221732774294806,-0.9452795402972032
0.3493859525720854,0.5970003199052267,0.8112787450899304
0.5265252452322153,-0.2224715269870544,-0.16589254751507632
0.10795128357967676,0.49229303643420647,0.6274530490185859
0.16404650166432677,0.7817679790403799,0.8576769277981283
0.4297863446329,-0.2801361972932342,0.4269935801916907
0.638907492728364,-0.416593982693939,-0.7661195742102073
0.656523295564665,-1.0470542960797888,-0.8324223926633852
0.6655280771198614,-0.8609881409423664,-0.8624262885586891
0.1801166487880994,0.8846267554220645,0.905138874102783
0.31245914721024515,1.1773750568370858,0.9239777314190892
0.7692493999162856,-1.3179153297473085,-0.9926947572667568
0.875854032053778,-0.8430563480118309,-0.7033022546211734
0.9610648084791654,-0.41136209037554794,-0.24220417156894136
0.9049262605238546,-0.08297957047000959,-0.5624665194822525
0.5967129263034462,-0.30724775400555787,-0.5709522170537447
0.7563808274511252,-1.6754338813706027,-0.9991964265684738
0.9770815542888666,0.11724012569944683,-0.143503684370787
0.5968283011690133,-0.8267681328503393,-0.5715472155517064
0.3657366521712474,1.059561884683534,0.747042149094888
0.2624964879634324,1.3447257843809455,0.9969190648297416
0.5377401560726224,-0.2824079993855828,-0.23491235036500027
0.8770895600666812,-0.4744076697418782,-0.697762434911346
0.01115468291287769,-0.13812604848179044,0.0700295739420213
0.19908003796792395,0.6580474286302362,0.9492544296063874
0.3044783378256243,1.1709712909418541,0.9419859941983088
0.20845191628478787,1.179133647323287,0.9661183987049983
0.4982541550777887,-0.009831767103656335,0.010969247173956562
0.9429757303903413,-0.3336512387875925,-0.350677131033349
0.21491164181935718,1.1606141382695456,0.975795504786331
0.86070438055858,-0.438140299590557,-0.7676846243604009
0.471568218161453,0.10944981533997282,0.17769350047738333
0.9247358863800124,-0.25104654872401677,-0.4554684768369212
0.9570999892803936,-0.2938147315936409,-0.26629647615154306
0.9780085692064414,-0.05607136085336323,-0.1377369621480119
0.31232257413119313,1.0563420958541319,0.9243055736762417
0.7400203835613609,-0.7389621040527304,-0.998034762056735
0.225417432922432,1.166630270585869,0.988095240541154
0.820022180801965,-0.8796043725253407,-0.9047677044843799
0.0782480489127867,0.5181116664882478,0.4720784437017758
0.8367510199794985,-1.1204437478523648,-0.8550895818360622
0.4066579739451661,0.6324970719504647,0.5534370408935801
0.4904162084277085,-0.18075965846514358,0.06018035345133914
0.9914091814115248,-0.11240164749507528,-0.05395149744246995
0.22459946693713095,1.123850599934119,0.9872915266588406
0.22017860240088738,1.5058026717350497,0.9824969099887949
0.17947865054468648,0.9338672921650102,0.9034274601391235
0.7383731424804114,-0.5783614254201106,-0.9973327649681408
0.10333032888495375,0.5863673870728348,0.6045840782564094
0.8469829314696266,-0.7323979316959923,-0.8200134949440744
0.9886754426468574,0.49580840066439924,-0.07109426599608472
0.4998727045666105,-0.2726372797586698,0.0007998207114682458
0.38420946071317963,0.13893634634590435,0.6650295723515234
0.32122574917464863,1.2258950337403423,0.9015210644942129
0.3946898398502834,0.6222129114086683,0.6144457379370709
0.0036706569122919586,0.33707435456396245,0.023061372979812995
0.9306331010866055,-0.3622962285151642,-0.4221766285854142
0.06888485324961025,0.21145580937287825,0.41942906409790326
0.22130421796281974,1.4937551029519542,0.9837897753688015
0.9664890275372164,-0.5308111455750275,-0.2090033103269401
0.4891234165238889,0.4649922487426933,0.06828640751804507
0.2198412261075433,1.2567670666236421,0.9820998292810584
0.906050386572052,-0.4696019079662618,-0.556612631750229
0.2771286687499921,0.6684582504964335,0.9855077797290359
0.5328201246382752,-0.1810059774727287,-0.20475649495085982
0.4481426097790603,0.3132409320830937,0.32009483963929736
0.10129256741378057,0.5111804031099332,0.5943361791113341
0.8599295627119621,-1.0877001427276138,-0.7707952723819436
0.08182721677159044,0.3449611561199883,0.4917823546160202
0.7408957657457234,-0.9967865786612963,-0.9983643206964923
0.09711830836591528,0.7336619207769302,0.5730414815600181
0.25826774477826153,1.2864899431788985,0.998651017866685
0.09222857822681796,0.9311602555654224,0.5475966400375994
0.8271922786868022,-0.9474710960447227,-0.884668705905963
0.19233498789823522,0.9871979896181464,0.9350770448259463
0.0967466129761233,0.9238261347756769,0.5711259732639749
0.523006565923424,-0.33819297652644825,-0.14405160730694896
0.45597950044369184,0.36412674955504903,0.2730758448325856
0.5698378372193013,-0.7288936171065048,-0.42485714351328613
0.04767875671856481,-0.22915569588900198,0.2951136495418294
0.6419159659783014,-0.3468298669421842,-0.7781307711965938
0.5085841381211432,0.004436891857633546,-0.05390958391438721
0.8765945472329463,-0.8193263014323209,-0.699987024652461
0.4753620139710012,-0.16586873698303373,0.1541874655441462
0.21392562213981603,0.5554303758184924,0.9744219579459986
0.45469769281706784,0.309338065270302,0.28081463346393865
0.8253069219961472,-1.165663405653961,-0.8901293709747863
0.02346919487942134,-0.369722887754962,0.14692746090342043
0.8077758814667603,-1.3813682110795336,-0.9348299073842027
0.022019778314324667,-0.34946689157013444,0.13791337506793008
0.6692191521165088,-0.6377461966553744,-0.8739325571629762
0.7301903365660734,-0.7200846342825453,-0.9922638803155622
0.39576769637573417,0.49316210694378504,0.6090885634206508
0.14211610462867286,0.31838264001819766,0.7789199995624942
0.60688717767212,-0.6672084967697802,-0.6222330000453539
0.9427247980076259,-0.6737021244098695,-0.3521532260072176
0.7085082637859568,-0.904140322726442,-0.9662097160861343
0.27251216530007716,1.062844254248735,0.9900128847802421
0.017114079638064328,0.4884406607754402,0.1073238252332634
0.8473791856526014,-1.1785701793253283,-0.8185859675344146
0.6123988650201286,-0.4379734698455457,-0.6489647174066512
0.6935564280632497,-1.200263010232352,-0.9377696778126893
0.5208004303984917,0.19310916418410082,-0.1303212228440511
0.8263893823728774,-1.0965397249908269,-0.8870094014524988
0.3670771078889188,1.2437107758947201,0.7414167498352345
0.5027453541297229,-0.10683743148207607,-0.017248713315581764
0.6868098451982594,-0.6565189983066564,-0.9222113942090894
0.9409001892774836,-0.0951160849437983,-0.36285982449827425
0.18291633669652374,0.5771534232500546,0.9124766459184529
0.41582127585350503,0.25092966622151963,0.5045930326787866
0.21660924175956386,0.6417880347727141,0.9780725201712287
0.007213753576405968,-0.5223564008886141,0.04530983277015058
0.8522203215001677,-0.4975070862703409,-0.800738524784201
0.680829761531701,-0.8921294486183012,-0.9070345650545758
0.5579783185201064,-0.7207948900587369,-0.3562845929370121
0.08496509667593788,0.32952968001866395,0.5088526392958578
0.38647451096191154,0.6665476699605156,0.6543340854298955
0.022991787391198226,-0.3552550241414083,0.14395971890386816
0.9466132829126971,0.029570978757461563,-0.32918339097246674
0.49836199402055337,0.3911518711254604,0.010291713412512985
0.9342223084928708,-0.5739122286000089,-0.4016276292174846
0.3688503358210764,0.8194981409806389,0.7338944281650659
0.05412279371883921,0.35066271000112964,0.3335469962463077
0.4332445838283747,1.0785425548387062,0.40724599978681775
0.2668659850837546,0.8339968371382263,0.9943902088059965
0.14901694747691108,1.1400648855030313,0.805371010992767
0.913460968885487,-0.5579161837053124,-0.5173408768031796
0.7424025102038919,-1.0980343305374478,-0.998860832676101
0.41085688058395187,0.4987262540334963,0.5312732405409504
0.7335259387953522,-0.8417212508253616,-0.9946476649037558
0.33483377763544786,0.4461762114884939,0.8612732033331005
0.6508669096723695,-0.7970648185412227,-0.8122066163846001
0.19049600341956197,1.0567049131491455,0.9309192221486793
0.7945361325310475,-1.3676213497060354,-0.9611027436167091
0.192957425967886,1.290573417568227,0.9364560851236763
0.48124362579516566,0.15672393842293175,0.11757717006327176
0.8814287526795208,-0.9761577646604642,-0.6779755733750299
0.6649354399234864,-0.48451747754407554,-0.8605354671452861
0.19016803545216954,1.4704280477528275,0.9301646327247337
0.05888829481639846,0.6606900677562287,0.36162109002478043
0.5156391858315695,-0.0652810537816646,-0.09810584295263361
0.12894261909174898,0.515454151604706,0.7244046335313042
0.18054135712399844,1.2113107039379165,0.906270081073315
0.31559372185631795,0.5647147414086222,0.9162666971384227
0.27895456286979536,0.9846772052623753,0.9834968973339787
0.14231231473435613,1.0450623155707435,0.7796925403838018
0.194597351342073,0.7591595161903453,0.9400207802990325
0.46085370421278793,-0.13901558657492372,0.2434908719819622
0.9873458638929528,-0.4625872581287759,-0.079424539049006
0.7249782721171089,-1.1545325919528402,-0.9876669749086652
0.35887067437365894,1.0604929064442696,0.775016816332841
0.5513626653123426,-0.5276076088061908,-0.31714839909462716
0.09181733304522255,0.41517384331142615,0.5454327307361009
0.9885572359217906,-0.16810562350239944,-0.07183508171290594
0.37030447638829256,0.28885447215627263,0.7276576997997254
0.7143679790269699,-0.4463155481669633,-0.9750427995880603
0.2782584001802064,0.64034576725249,0.984278873722932
0.7101448273629756,-1.056428302808796,-0.9688090621927266
0.5284779250692777,-0.08088781852207493,-0.17797880554999085
0.5337019316694617,-0.4145697038690648,-0.21017649331497668
0.664739839420249,-0.9810242094257589,-0.8599087794068124
0.9924453238007327,0.1553427959861741,-0.047449607241901996
0.05986140565550957,0.2534573768905737,0.36731475087614895
0.029233769915180785,0.44063415287152075,0.18265007132562958
0.42947225090712726,0.1886709129682656,0.4287773022958493
0.5851431582398938,-0.5342280373564523,-0.5098154383481637
0.7000068219943841,-0.5744357633740391,-0.9510697610810589
0.7029380247505067,-0.8425854698095823,-0.956598648967957
0.7559247221789663,-0.9507413399680287,-0.9993071877344062
0.5836561835393345,-0.6626853941600934,-0.5017557265595682
0.2956075969546964,0.8213052611297497,0.9592216016226525
0.7604852675115491,-1.2713692972313175,-0.9978306397142896
0.11945517587058929,0.8506029007930738,0.6820476718924136
0.13198455426990163,1.091014850842753,0.737447573927215
0.6168079271931839,-0.22714462028291538,-0.6697899328388371
0.4171450384565685,0.2681684044841053,0.4973947340198679
0.26896868741904456,0.735551044421432,0.9929060168561833
0.4154183645767625,0.5667648504153991,0.5067770596560022
0.08011691850285985,0.29217409780597725,0.48239729700642575
0.6270158469439904,-1.3062264253716211,-0.7160059953048343
0.5704947143904231,-0.3173802801769169,-0.42858977838348666
0.040362849777135223,0.5060391641617372,0.2508974655743879
0.7563657476176859,-1.4164783798846834,-0.9992002197507918
0.8002564710308788,-0.9047882161820545,-0.9505573146805503
0.531341244247281,0.11043746664201065,-0.19565257855277512
0.037202045421333985,0.7215878737125996,0.2316245783798741
0.4389284578894138,-0.005459026605028061,0.37437606598172807
0.9548338058959288,-0.5667998488040655,-0.2799937196428985
0.133373402363391,0.6774872912695084,0.7433132630088798
0.7835155523966058,-1.2237843585851527,-0.9779089182410904
0.09794160530098472,-0.07197410951189254,0.5772731458328165
0.9833106487103058,-0.14259887609318553,-0.10467021309200468
0.7386874234347486,-1.2658240081725305,-0.9974749501853902
0.8922480292672145,0.20077743383362112,-0.6264774331289067
0.7737961440064296,-1.4556878580092272,-0.9888433523836598
0.05519980756270926,0.04393643327442304,0.33991886100043767
0.9342274043728217,-0.3274348881554542,-0.40159830650130757
0.9453179691085006,0.1410618828401916,-0.33685749851711133
0.7977274746096048,-1.1867983086700553,-0.9553717771130241
0.49561471810472235,-0.1371445315061082,0.02755005247497119
0.4029013514213866,0.42478862660418804,0.5729402443037028
0.682099577863912,-0.957012185033833,-0.9103650533171861
0.7590349617842876,-1.1340838076935302,-0.9983891105160235
0.3183316453615386,0.9529049551186419,0.9092405240032343
0.3269015157096158,0.5432621513716829,0.8855189750162314
0.13774216783987714,0.9662167163483025,0.7613932756416044
0.9295336569527753,-0.3715509035941395,-0.42842871163296703
0.4107576589344979,0.666343984069913,0.5318013058063972
0.045365264022071194,0.11755164607275412,0.28119426405470355
0.5753094937640572,-0.47430795998329284,-0.45572229749721554
0.8705760812385854,-0.7632685453408375,-0.7264860535405909
0.11482400355909705,0.4667138022232665,0.660481974643906
0.6853690798060069,-0.6635657934744521,-0.9186731418270601
0.5472563458022718,-0.04542474372094271,-0.29257673430883935
0.29842509630442493,0.9452808184480762,0.9540677538377045
0.483353345254004,0.14170240292183806,0.1044034126449886
0.3454417372541777,1.0877113835954748,0.8255173185894289
0.01069262267321125,-0.2433762645092572,0.06713320040066344
0.27772479027146324,0.682360761725771,0.9848655111753712
0.5268067716998686,-0.2628840551649753,-0.1676366601013251
0.4869531585595923,0.06814812914651466,0.0818839402181302
0.7405142329786084,-1.4190015366842224,-0.9982243961243419
0.3055052485300761,0.4456599592864647,0.9398006824282261
0.1525324715340063,1.0329029192026822,0.8182670156501674
0.8698511668375795,-0.13840540488667652,-0.7296084603072992
0.1397386758586987,1.030294131955424,0.7694655875487202
0.35942159044099065,0.7312305555713825,0.7728247102541063
0.929746849304327,-0.21407930448413662,-0.4272179636836282
0.697780795934974,-0.9501117313460508,-0.946655371276414
0.4625166538293528,0.022074059955008857,0.23334361466870612
0.824728523981802,-0.369274100507769,-0.891779614698095
0.21789891220331092,1.3626391720646942,0.9797280082813948
0.4912215524694796,0.3073373218923902,0.05512865007910953
0.7534818791698901,-0.9633091079944436,-0.9997607015910265
0.3623135330772058,0.7050213629597692,0.7611663409153578
0.06540759168660348,0.23942405262184666,0.39949693152498317
0.6246439379079931,-0.4176493697687606,-0.7055230707496233
0.16109001362098696,1.1469353354071408,0.8479778429047847
0.8566536535881892,-1.3381215847088133,-0.7837442419745695
0.7106507847513073,-0.7784138235860228,-0.9695919542284624
0.9110807959235079,-0.6936507973014425,-0.530080787378617
0.04580040178097888,0.4601967306711519,0.28381694439599875
0.4599913086677875,0.36920654867885494,0.2487427803948334
0.2141043191990053,0.494249009110178,0.9746736632445551
0.6969797601773566,-1.3572889278086224,-0.9450214970054078
0.6406907350648693,-0.7530416780085059,-0.7732724080841719
0.3376067911957874,0.5842774697493341,0.8522893817172721
0.7697472527770388,-1.3074397231142914,-0.9923124866094497
0.8411477298500831,-0.7282968260862515,-0.8404419437646442
0.9881380494938364,0.2812988066621698,-0.07446185109144661
0.5611677497111913,-0.03568027330441459,-0.3749365273665715
0.5090716521850326,-0.892959598057199,-0.05696801306691003
0.8391969720601575,-1.0263695085665536,-0.8470207200820935
0.11989370718660597,0.6111616385128236,0.684060106175582
0.6950949686128408,-0.9769034621726722,-0.9410827281822617
0.74028637410677,-1.0806977302123129,-0.9981380943396627
0.4803231510838032,0.12238981825359503,0.1233185689109862
0.6498625737754211,-0.6280040649956378,-0.8085091553026325
0.36349266724700147,0.569362175151098,0.7563405210328887
0.978542276976997,-0.13677074777144554,-0.13441477074902528
0.3088388575753843,1.2165197188295815,0.9324374340060427
0.020872879787315113,-0.1473124831069651,0.13077254012554917
0.22551634337549065,0.6396937927098464,0.9881906592016951
0.7602189652956763,-1.4763728071580995,-0.9979393967438626
0.36991145571439044,0.7848071907039188,0.7293493556312274
0.27121112145979376,1.1299498416538745,0.9911322368179435
0.5441706526281914,-1.17685895254054,-0.2739833049702919
0.5973635049115896,-0.6478842817786432,-0.5743033758864553
0.2659820147494125,0.752729994754044,0.9949623519701754
0.6155120120943779,-0.5753533385160429,-0.6637215965039648
0.10528446244493928,0.3795114457539438,0.6143183418797219
0.7005783803727808,-1.1993168623497,-0.9521732234958008
0.577975215997443,-0.5560510365246777,-0.4705665338802249
0.1548990136961821,0.8113921921132095,0.8267237570973096
0.4710505537749836,0.23497257423596868,0.18089337419903379
0.27713515873841976,1.2035004906481823,0.9855008617619511
0.9299627212788233,-0.5155442987222212,-0.4259912167213804
0.266294116314592,0.8914055993760883,0.9947638510049891
0.9245120394738576,-0.5360589354270251,-0.45672013995250244
0.4765011700678772,0.1733023385405676,0.1471116400771714
0.07290370230029308,0.34959710837969327,0.4422156317257408
0.24852468683885753,1.1683672108504077,0.9999570369539728
0.21854990294586318,0.6826659538109616,0.9805392286223333
0.26563982956456245,0.6222212247346148,0.9951755894186499
0.1559278839165399,1.6485672680682941,0.8303434831725787
0.9934542432210763,-0.017301759866121362,-0.04111660887323282
0.8137349930840462,-0.6428955357795461,-0.9208822428102134
0.6637335912075144,-0.9598840231629903,-0.8566643370520103
0.5036491740808343,-0.4662809820340516,-0.022926428057100205
0.5558468709815252,0.04219835485264717,-0.3437395722788775
0.39061015328083004,0.6949858330822135,0.6344653914420536
0.4447321610287236,0.7525129794312133,0.3403208310354302
0.6066926314884133,-1.5950304199870653,-0.6212756251624421
0.6833663023639251,-0.6106511068853737,-0.9136296937518845
0.568866547024967,-0.48965793616832465,-0.4193246462622824
0.9334349467090649,0.10882858721301075,-0.40615330194059057
0.8393706327705178,-0.6451042729807266,-0.8464402084398756
0.47891003905066687,0.1756386072170242,0.13212466607421247
0.6717672974369148,-1.7038154102170093,-0.8816020611186032
0.6570531186262053,-0.5575626392017534,-0.8342625012656142
0.9076631766936721,-0.699263492232234,-0.5481656018727336
0.4314599881106441,0.15725976600735653,0.41746117463671467
0.3587577489440481,0.34176911929963755,0.7754650029157304
0.8811853138685591,-0.9181989439932421,-0.6790991437922742
0.5428921991958197,-0.41590422973809227,-0.2662491668459153
0.13887265196071352,0.6649767247175487,0.7659788621794211
0.2666609924427653,0.9155809204826328,0.9945256214059183
0.5027004370935769,0.035017394761896345,-0.016966532557059873
0.5461329131634968,-0.5221183914343368,-0.2858196418214858
0.47469776313167567,0.538753126822798,0.15830981212581494
0.2980516479262074,0.7945650869323598,0.95476810046978
0.4832142794501135,-0.04603825654941382,0.10527237373480214
0.6251124248719212,-0.7612047207946268,-0.7076060952736588
0.3992050767287406,0.9729931344162381,0.5918186608133799
0.17047001445479826,1.0505442325579348,0.8777255658327768
0.39706294517826757,0.6811348656547966,0.6026139698583826
0.431897169139169,0.32471250274707686,0.4149635188016655
0.9500198320240593,0.2813054198319531,-0.308898482457414
0.5714990607217885,-0.32387537047078563,-0.4342827332209066
0.0793847443485477,0.33710344453302743,0.47836248691717337
0.033550534795120046,0.49167344684459174,0.20924639148249086
0.632313672581854,-0.36918673829967186,-0.7388426725511403
0.30681688623754355,1.0568393632424191,0.9369525697375706
0.81560345398498,-1.3304410480635267,-0.9162422011386708
0.2674227017607844,0.9611661874016255,0.9940141338913545
0.9203731867239614,-0.08581631333959483,-0.479697586543529
0.008332840307348044,0.4555639720781055,0.052332862714456994
0.9560419939162254,0.2304722862681836,-0.27269808967130904
0.7940681272468698,-0.8927139762285428,-0.9619107447069868
0.6794057120758539,-1.205974183283419,-0.9032308793237264
0.43115746770263674,0.12703525611754568,0.4191876589849392
0.9288643332924549,-0.26163655397538255,-0.43222488502073514
0.8668940294719925,-0.8121880913463289,-0.7421881725168723
0.692658141125761,-0.958324142182048,-0.9357947921981594
0.5231501801084892,0.16734998222880426,-0.14494449167825801
0.8704906446767987,0.12418329238157233,-0.7268548371690357
0.5136160680052745,-0.2836681678396343,-0.08544795435445189
0.9079155857685067,-0.49135514632619975,-0.5468384865734089
0.6014985951252538,-0.7384003465720037,-0.5953767476369258
0.7053492604157878,-1.3245920155382516,-0.9609036099785849
0.7602096401283214,-1.0633464465705145,-0.997943154485541
0.7409619351327036,-1.22155931182176,-0.9983880040943987
0.286384843433408,0.9853113834013068,0.973981728065865
0.9349321657939468,-0.7782595273976558,-0.3975390152340622
0.6007164736935658,-0.6331465807629943,-0.5914212658049971
0.26946958131755816,0.5747433149977035,0.9925268912626791
0.998447524789276,-0.31487546988726783,-0.009754334744468554
0.2721675249468364,1.4735387449844446,0.9903158403131648
0.6327898948199059,-0.5461440150930432,-0.7408557346605369
0.3456714780152542,0.37553766786437665,0.8247017787850092
0.26375126685768147,1.1685055173245709,0.9962696896304007
0.003384387499785979,-0.44878144531919567,0.02126313123591149
0.6699708021954551,-0.49546069092587675,-0.8762182850733601
0.22870507323146938,1.2060142787350001,0.9910621299601555
0.5451842054935455,-0.36585788647047024,-0.280102360198794
0.026304510489576716,0.2537546266834566,0.16452468846668006
0.34488198144287985,0.7056352656620722,0.8274971499150057
0.7671888689671781,-1.3953284738940168,-0.994173574992548
0.7552761633474325,-0.8581264200357328,-0.9994505522086764
0.9890418401563459,-0.5350133412547324,-0.06879776152232821
0.9857209647882123,-0.16688683460489173,-0.0895975119075628
0.2672586835456604,0.9179835776594547,0.9941261959605816
0.3568980550071381,0.6659949547217276,0.7827895700828388
0.6353871140777363,-0.5061755904966024,-0.7517173642912921
0.8382614595079859,-0.9847219736399483,-0.850130577741757
0.21284709329392892,0.9758692276421282,0.9728767173126697
0.02313391003344023,0.2759833258765682,0.14484334257281142
0.029038947427225015,0.16958311928284742,0.18144642091299348
0.9466223764409606,-0.15051279673282209,-0.32912943854734206
0.23996329442331388,1.2603573304184812,0.9980122206380766
0.9171578786619531,-0.057897883534942796,-0.49732474280195027
0.28844354584049126,1.0302539712567398,0.9709688660899334
0.1227565015909492,0.17457822779184395,0.6970692584205732
0.17648600858633934,0.6517661800543504,0.8952064742626225
0.6108361140435506,-0.6616320909153607,-0.6414630351641227
0.2510224950798463,1.113300184266732,0.9999793628034198
0.6946081247861535,-0.9573491404901872,-0.9400438688946982
0.3752904492970286,0.6304335627604541,0.705815172191936
0.3142906962518359,1.0787634199321983,0.9195154693891748
0.6556695819055092,-1.292543817260877,-0.829437992770095
0.4864581822963878,0.1380491298926699,0.08498312293251088
0.7167814928677497,-0.926855240929342,-0.9782973490870783
0.5992261994949496,-0.43848402696491096,-0.5838449350719429
0.8339977217457631,-0.49820148456252217,-0.8639306263161163
0.1822609139427246,1.1473625308602533,0.9107840625757715
0.052853920656298126,0.45326615699217077,0.3260204720035349
0.5274622328479878,-0.08729235889574756,-0.17169533095363207
0.8449527370104909,-1.0666565980669902,-0.8272474552756479
0.07110597790103779,-0.01886543026756038,0.432056661853839
0.47454358750149783,0.3097143650238391,0.15926623577192775
0.5386744026085294,-0.010985863270678659,-0.24061405043713438
0.3863023081389382,0.748986870586428,0.6551519032915006
0.0916189767232456,0.009263620299756692,0.5443877073338647
0.2887939363716575,1.5275820055734508,0.9704398852193168
0.011432252991936398,0.6505303460557476,0.0717692090742738
0.46875930074080474,0.030251745935649638,0.1950330062801958
0.6576817903178805,-1.219219839879797,-0.8364339220857047
0.8360728801761323,-0.8732016285737703,-0.8572909943221177
0.8574306633487321,-1.1389387625741745,-0.7807027233759639
0.8621566243766197,-0.8681633212022438,-0.7618053741593916
