,Depth,Train,Test1,Test2,Test3,Test4,Test5,Test6,Test7,Test8,Test9,Test10,Test11,Test12,Test13,Test14,Test15,Test16,Test17,Test18,Test19,Test20,Test21,Test22,Test23,Test24,Test25,Test26,Test27,Test28,Test29,Test30,Test31,Test32,Test33,Test34,Test35,Test36,Test37,Test38,Test39,Test40,Test41,Test42,Test43,Test44,Test45,Test46,Test47,Test48,Test49,Test50
0,1,0.0,0.0,0.0,0.0,0.0,0.0,0.0,0.0,0.0,0.0,0.0,0.0,0.0,0.0,0.0,0.0,0.0,0.0,0.0,0.0,0.0,0.0,0.0,0.0,0.0,0.0,0.0,0.0,0.0,0.0,0.0,0.0,0.0,0.0,0.0,0.0,0.0,0.0,0.0,0.0,0.0,0.0,0.0,0.0,0.0,0.0,0.0,0.0,0.0,0.0,0.0
1,2,0.0,0.0,0.0,0.0,0.0,0.0,0.0,0.0,0.0,0.0,0.0,0.0,0.0,0.0,0.0,0.0,0.0,0.0,0.0,0.0,0.0,0.0,0.0,0.0,0.0,0.0,0.0,0.0,0.0,0.0,0.0,0.0,0.0,0.0,0.0,0.0,0.0,0.0,0.0,0.0,0.0,0.0,0.0,0.0,0.0,0.0,0.0,0.0,0.0,0.0,0.0
2,3,0.0,0.0,0.0,0.0,0.0,0.0,0.0,0.0,0.0,0.0,0.0,0.0,0.0,0.0,0.0,0.0,0.0,0.0,0.0,0.0,0.0,0.0,0.0,0.0,0.0,0.0,0.0,0.0,0.0,0.0,0.0,0.0,0.0,0.0,0.0,0.0,0.0,0.0,0.0,0.0,0.0,0.0,0.0,0.0,0.0,0.0,0.0,0.0,0.0,0.0,0.0
3,4,0.0,0.0,0.0,0.0,0.0,0.0,0.0,0.0,0.0,0.0,0.0,0.0,0.0,0.0,0.0,0.0,0.0,0.0,0.0,0.0,0.0,0.0,0.0,0.0,0.0,0.0,0.0,0.0,0.0,0.0,0.0,0.0,0.0,0.0,0.0,0.0,0.0,0.0,0.0,0.0,0.0,0.0,0.0,0.0,0.0,0.0,0.0,0.0,0.0,0.0,0.0
4,5,50.81650193382037,49.721706864564005,54.25925925925926,50.95419847328244,50.630630630630634,50.97690941385436,51.85840707964602,53.83244206773619,52.35602094240838,49.50099800399202,48.90909090909091,52.82331511839708,54.400000000000006,48.55195911413969,53.42205323193916,53.01418439716312,52.477064220183486,48.76190476190476,51.6504854368932,52.94117647058824,50.17482517482518,51.42857142857142,51.356993736951985,53.70018975332068,51.94805194805194,52.63157894736842,49.53617810760667,49.73451327433629,51.181102362204726,50.88967971530249,49.18032786885246,50.259067357512954,49.82078853046595,50.62611806797853,53.403141361256544,49.46996466431096,47.368421052631575,52.861952861952865,50.45703839122486,50.96660808435852,53.72848948374761,48.85361552028218,51.6504854368932,54.510556621881,52.930402930402934,50.72463768115942,53.41506129597198,53.2258064516129,47.91288566243194,47.01492537313433,50.089445438282645
5,6,51.44582380077261,50.77220077220077,54.15860735009671,51.50905432595574,50.95419847328244,51.291512915129154,52.18181818181819,53.64485981308411,53.333333333333336,49.390243902439025,49.714285714285715,53.9047619047619,54.43298969072165,49.38488576449912,53.86138613861387,53.3457249070632,53.07692307692308,49.60317460317461,52.2,53.65384615384615,50.99457504520796,52.03252032520326,52.27765726681128,54.2,52.038834951456316,53.25884543761639,50.09633911368015,50.0,50.92402464065708,52.04460966542751,50.8637236084453,51.26353790613718,50.4725897920605,50.74626865671642,53.86029411764706,50.373134328358205,46.909090909090914,53.98230088495575,51.82341650671785,51.11111111111111,53.6,49.45454545454545,52.5987525987526,55.172413793103445,53.43511450381679,51.625239005736134,54.08348457350273,53.37078651685393,48.19734345351044,48.054474708171206,50.0
6,7,52.872898906709054,52.95566502463054,55.18987341772152,53.29815303430079,50.23923444976076,54.047619047619044,53.686635944700456,53.62318840579711,55.11627906976744,49.86737400530504,50.34324942791763,54.76772616136919,55.643044619422575,51.44766146993318,54.40806045340051,56.62100456621004,55.13784461152882,49.86737400530504,53.67088607594936,53.333333333333336,51.5625,52.130325814536334,53.50140056022409,55.13784461152882,50.128534704370175,54.59057071960298,51.58924205378973,49.87593052109181,51.19363395225464,50.83532219570406,52.896725440806044,49.19908466819222,52.19512195121951,51.19047619047619,55.26315789473685,52.04819277108433,48.148148148148145,56.27906976744186,53.301886792452834,53.30073349633252,52.94117647058824,52.32558139534884,53.421052631578945,55.18987341772152,54.65686274509803,54.207920792079214,55.47785547785548,55.26932084309133,52.5,46.78217821782179,50.0
7,8,53.47530163968237,53.333333333333336,55.3072625698324,53.62318840579711,51.385390428211586,54.35897435897436,54.166666666666664,54.06824146981627,56.35910224438903,50.985915492957744,50.85158150851582,54.145077720207254,55.61797752808989,51.551312649164686,55.733333333333334,56.3855421686747,54.52127659574468,50.71633237822349,54.56989247311827,52.67379679144385,50.47169811320755,52.26666666666666,53.43283582089552,55.38057742782152,50.26881720430107,55.55555555555556,50.0,50.41095890410959,51.52354570637119,51.52284263959391,52.83018867924528,49.75124378109453,53.00261096605744,49.22680412371135,54.78036175710594,51.546391752577314,48.402948402948404,56.930693069306926,53.11720698254364,54.285714285714285,53.46260387811634,52.66990291262136,53.80281690140845,55.437665782493376,52.820512820512825,53.562005277044854,56.75,55.36159600997507,52.94117647058824,45.05208333333333,50.93333333333333
8,9,53.52830448556081,51.006711409395976,54.347826086956516,45.76523031203566,50.947867298578196,54.58515283842795,53.74449339207048,53.09734513274337,53.96145610278372,44.04907975460123,42.627013630731106,52.6431718061674,54.807692307692314,51.46443514644351,54.48577680525164,55.09355509355509,53.93518518518518,50.11990407673861,56.10859728506787,52.71493212669684,51.45833333333333,50.888888888888886,53.403141361256544,55.38461538461539,48.63636363636364,52.38095238095239,52.069716775599126,48.440366972477065,51.94174757281553,49.546279491833026,48.60557768924303,50.526315789473685,51.91011235955057,48.60813704496788,53.125,53.18181818181819,46.07142857142857,55.02092050209205,53.56371490280778,52.90023201856149,51.02040816326531,50.74349442379182,53.73493975903615,54.157303370786515,53.44827586206896,53.125,56.17021276595745,54.35244161358811,52.71493212669684,43.84920634920635,50.32967032967033
9,10,53.80241972164105,48.65979381443299,52.16400911161732,49.32562620423892,50.35128805620609,53.691275167785236,53.46756152125279,52.338530066815146,53.812636165577345,41.32379248658318,45.77702702702703,52.087912087912095,54.43645083932853,50.95137420718816,53.4521158129176,53.398058252427184,53.70370370370371,49.282296650717704,54.524361948955914,52.03619909502263,50.63559322033898,50.45454545454545,54.02597402597402,55.021834061135365,48.8479262672811,54.157303370786515,49.795918367346935,48.970251716247134,52.22772277227723,50.993377483443716,50.68493150684932,49.681528662420384,50.9009009009009,49.240780911062906,53.00668151447662,53.19634703196348,46.88172043010753,53.41365461847389,53.131749460043196,52.43619489559165,50.0,51.559251559251564,53.026634382566584,52.46913580246913,54.112554112554115,53.09734513274337,56.15550755939525,54.58422174840085,51.94508009153318,45.55555555555556,49.25053533190578
10,11,54.15123801026098,49.06054279749478,52.522935779816514,49.056603773584904,50.0,54.157303370786515,52.876106194690266,52.21238938053098,53.829787234042556,41.19217081850534,45.08196721311475,52.75938189845475,55.23809523809524,51.1482254697286,53.86313465783664,53.00970873786408,53.333333333333336,49.763033175355446,54.252873563218394,53.34821428571429,51.037344398340245,50.44642857142857,53.70843989769821,54.90196078431373,48.74141876430206,54.24107142857143,49.899396378269614,49.549549549549546,52.475247524752476,51.62689804772235,50.11185682326622,49.8960498960499,51.25858123569794,49.68017057569296,53.14533622559653,53.153153153153156,46.93446088794926,54.03225806451613,52.915766738660906,52.8604118993135,50.332594235033255,52.164948453608254,52.58215962441315,52.254098360655746,54.603854389721626,53.07017543859649,56.102783725910065,54.35244161358811,51.369863013698634,45.0,49.57627118644068
11,12,54.59749552772809,48.734177215189874,51.590909090909086,48.65384615384615,49.65357967667436,53.82882882882883,52.91479820627802,53.139013452914796,53.2608695652174,41.3854351687389,45.24590163934426,52.666666666666664,54.567307692307686,50.73375262054507,52.92792792792793,53.11284046692607,53.65296803652968,49.6437054631829,55.11627906976744,54.176072234762984,50.524109014675055,50.78651685393258,53.07692307692308,55.432372505543235,48.49187935034803,54.6485260770975,49.897750511247445,48.764044943820224,53.03030303030303,52.74725274725275,50.0,49.26931106471816,51.49425287356322,49.89106753812636,53.47826086956522,53.40909090909091,47.257383966244724,53.441295546558706,52.29759299781181,52.19399538106235,50.56689342403629,52.421052631578945,52.95508274231678,51.99161425576519,53.84615384615385,53.77777777777778,55.81896551724138,53.5483870967742,50.580046403712295,44.11764705882353,49.57446808510638
12,13,55.41542697277855,49.23747276688453,49.53917050691244,48.4375,50.0,53.74149659863946,50.76923076923077,53.44036697247706,51.26582278481012,41.41958670260557,44.370860927152314,53.125,55.42168674698795,52.94117647058824,53.24384787472036,53.529411764705884,53.14685314685315,47.40566037735849,51.543942992874115,54.6875,48.68421052631579,51.70842824601367,51.470588235294116,56.415929203539825,49.53917050691244,51.7467248908297,50.20661157024794,50.22123893805309,52.4547803617571,52.0,48.66666666666667,49.275362318840585,50.60827250608273,48.35886214442014,49.45533769063181,53.86363636363637,46.088794926004226,51.976284584980235,51.88470066518847,51.91011235955057,51.04408352668214,51.89873417721519,52.00945626477541,51.48936170212765,55.90909090909091,52.28310502283106,56.09756097560976,53.829787234042556,49.65034965034965,47.379912663755455,50.108932461873636
13,14,56.117045558294535,48.78048780487805,49.4061757719715,49.10536779324055,48.0083857442348,52.71493212669684,52.764976958525345,50.847457627118644,51.716738197424895,41.45454545454545,44.42567567567568,52.083333333333336,54.034229828850854,53.131749460043196,52.20125786163522,52.8942115768463,52.336448598130836,46.715328467153284,51.57384987893463,53.73134328358209,48.35164835164835,50.467289719626166,48.61111111111111,55.4054054054054,49.760765550239235,52.38095238095239,49.68287526427061,48.6784140969163,52.12765957446809,49.88864142538976,49.65986394557823,49.26931106471816,50.374064837905244,48.775055679287306,47.43589743589743,53.91705069124424,45.89473684210526,52.0242914979757,50.67567567567568,49.88558352402746,50.467289719626166,51.64113785557986,49.557522123893804,51.30434782608696,54.357798165137616,51.16822429906542,56.4625850340136,53.96145610278372,48.57142857142857,46.724890829694324,49.775784753363226
14,15,54.023426859166435,50.349650349650354,49.6551724137931,46.46924829157175,49.20424403183024,50.0,51.84210526315789,50.81967213114754,52.91201982651796,42.32655921513665,45.32293986636971,51.840942562592055,50.135501355013545,49.1421568627451,50.7323568575233,50.06016847172082,50.607287449392715,48.25662482566248,49.03846153846153,50.673854447439346,47.083333333333336,51.04438642297651,48.9451476793249,54.25101214574899,48.36065573770492,49.09963985594238,49.66711051930759,50.41224970553593,50.61058344640435,48.029556650246306,48.20766378244747,48.41849148418492,48.0225988700565,48.275862068965516,47.94520547945205,51.64383561643836,47.39393939393939,51.32743362831859,51.18219749652295,50.604026845637584,49.50634696755994,49.70202622169249,51.117318435754186,51.766304347826086,55.72413793103448,50.409836065573764,53.64238410596026,50.26178010471204,47.6056338028169,45.67741935483871,49.865591397849464
15,16,54.64805216518977,50.07072135785007,48.939179632248944,45.73732718894009,47.83180026281209,50.40106951871658,51.355013550135496,49.54367666232073,52.0460358056266,42.25352112676056,45.54913294797688,51.05421686746988,49.45054945054945,48.402948402948404,50.54054054054053,49.68710888610764,50.06858710562414,47.96633941093969,48.0218281036835,48.484848484848484,46.70406732117812,50.78534031413613,47.48299319727891,53.595658073270016,47.73662551440329,48.857868020304565,49.52638700947226,51.338199513382,50.68493150684932,47.8908188585608,48.49246231155779,48.06007509386733,47.687861271676304,48.204419889502766,46.73629242819843,51.52354570637119,47.3423980222497,50.75757575757576,51.626591230551625,49.02216427640156,49.711815561959654,49.07063197026022,49.53519256308101,51.30315500685872,54.644808743169406,50.1412429378531,53.71120107962213,49.22680412371135,47.07560627674751,45.69190600522193,49.30555555555556
16,17,55.02524841179345,50.0,48.98236092265943,45.52683896620278,49.48320413436693,50.51413881748073,51.02827763496144,50.59132720105125,52.49376558603491,42.05801104972376,43.509865005192104,51.16959064327485,49.19786096256685,49.275362318840585,50.65274151436031,48.86499402628435,50.204081632653065,46.45669291338583,48.71099050203528,49.601063829787236,46.85408299866131,50.0,48.77717391304348,52.91878172588832,47.983870967741936,48.25930372148859,50.3209242618742,50.70921985815603,49.932523616734144,48.062953995157386,47.91666666666667,47.75413711583924,46.74063800277393,47.60051880674448,47.66355140186916,51.329787234042556,46.95340501792115,51.545117428924605,51.047120418848166,49.80289093298292,49.65229485396384,48.60788863109048,49.7986577181208,50.59445178335535,54.35073627844712,48.9060489060489,53.6,49.870466321243526,45.039164490861616,45.48919949174079,47.95244385733157
17,18,55.58399128777566,49.85994397759104,48.94810659186536,46.33879781420765,48.175182481751825,49.58579881656805,50.53050397877984,48.57496902106567,52.374839537869065,42.3448275862069,43.75644994840041,50.66079295154186,47.575360419397114,48.604651162790695,50.74424898511503,48.47374847374847,50.607287449392715,46.373056994818654,48.63760217983651,48.65211810012837,47.24091520861373,49.556400506970846,47.20496894409938,52.33766233766234,45.89963280293758,48.6682808716707,50.19305019305019,50.174621653084984,50.53908355795148,48.55769230769231,48.30097087378641,48.07256235827664,48.45505617977528,47.7027027027027,47.81553398058252,52.232746955345064,46.975546975546976,51.30759651307597,51.11989459815547,50.38363171355499,49.17355371900827,49.93678887484197,49.122807017543856,50.85413929040736,53.315649867374006,49.457994579945805,53.67156208277704,48.37935174069628,45.22875816993464,46.2962962962963,48.655913978494624
18,19,58.28193669904347,46.15384615384615,46.18249534450652,46.72435105067985,45.57823129251701,51.355932203389834,49.09747292418773,47.249190938511326,48.78048780487805,42.09505334626576,42.42424242424242,48.7037037037037,45.45454545454545,49.77973568281938,51.138353765324,47.44408945686901,51.122625215889464,45.99303135888502,48.93617021276596,48.13008130081301,47.77594728171334,46.596858638743456,47.003154574132495,52.65780730897009,44.15156507413509,48.728246318607766,48.346456692913385,47.090663058186735,50.20080321285141,47.00520833333333,45.034013605442176,45.98425196850393,49.69818913480885,46.089850249584025,47.913446676970636,53.02491103202846,44.74820143884892,49.193548387096776,48.67724867724868,47.1841704718417,48.57685009487666,47.161572052401745,46.5,50.085470085470085,51.65794066317626,51.15452930728242,51.865008880994665,48.23717948717949,45.955249569707405,45.954198473282446,46.913580246913575
19,20,56.78251581628461,48.76632801161103,48.17927170868347,45.86387434554974,46.46118721461187,50.60080106809078,49.32795698924731,48.11664641555286,51.94479297365119,41.1722659042173,42.55788313120176,50.764525993883794,47.0360824742268,47.962747380675204,50.20188425302826,47.753530166880616,50.39682539682539,46.19492656875834,46.65809768637532,47.04370179948586,46.438356164383556,49.60317460317461,45.684695051783656,53.047989623865114,45.0,48.484848484848484,47.98439531859558,50.123456790123456,50.906555090655516,47.07903780068728,46.75324675324675,47.211413748378725,48.36309523809524,48.99328859060403,47.29891956782713,51.320754716981135,47.69417475728155,50.76530612244898,50.067842605156045,48.52420306965762,49.35251798561151,48.25581395348838,45.35175879396985,50.0,52.90055248618785,49.779086892488955,51.31761442441054,47.941567065073045,46.03174603174603,46.79144385026738,46.808510638297875
20,21,57.57309858756262,46.888567293777136,47.62589928057554,44.76295479603087,45.588235294117645,47.83147459727385,47.94701986754967,47.45098039215686,52.0618556701031,42.09591474245116,42.241379310344826,49.705882352941174,46.6403162055336,48.13925570228091,49.862637362637365,47.40177439797212,50.28571428571429,46.787709497206706,47.80763790664781,48.18976279650437,46.99300699300699,49.19571045576407,47.903430749682336,52.88590604026846,45.40229885057471,48.96626768226333,46.88741721854305,47.720042417815485,50.935251798561154,46.846846846846844,45.276497695852534,46.32183908045977,47.093889716840536,48.93617021276596,46.34146341463415,50.59602649006622,45.847554038680315,49.35064935064935,49.85590778097983,50.0,47.935103244837755,47.02308626974484,44.93333333333333,50.13812154696132,52.58855585831063,49.24698795180723,50.20463847203275,46.261089987325725,46.29370629370629,45.12820512820513,45.609065155807365
21,22,57.87468479333406,48.40940525587828,46.91689008042895,47.256097560975604,45.97156398104265,49.29577464788733,48.431618569636136,46.51442307692308,51.42857142857142,42.931034482758626,42.65873015873016,48.66008462623414,47.10424710424711,48.194271481942714,48.57881136950905,44.004524886877824,49.12516823687753,46.68400520156047,48.18304172274562,48.032407407407405,46.288798920377864,49.125,48.51994851994852,49.36548223350254,44.75524475524475,49.074074074074076,46.634026927784575,48.11218985976268,50.41095890410959,47.662485746864306,44.45783132530121,46.450060168471715,46.88385269121813,48.56429463171036,46.97142857142857,50.32258064516129,45.554335894621296,48.97713598074609,49.662618083670715,49.737532808398946,48.079658605974394,46.651785714285715,46.017699115044245,47.459727385377946,51.98973042362003,50.55401662049861,47.27503168567807,48.19121447028424,44.71649484536083,45.39089848308051,46.1118690313779
22,23,58.00238126736341,48.228882833787466,46.90721649484536,46.8041237113402,44.78594950603732,47.58539458186101,48.292682926829265,45.91836734693878,49.29577464788733,42.03655352480418,42.74193548387097,48.837209302325576,46.10705596107056,47.161066048667436,47.57281553398058,44.02654867256637,49.11804613297151,46.144121365360306,46.31979695431472,45.6858407079646,45.69892473118279,48.721071863581,45.51569506726457,49.00990099009901,44.57831325301205,48.060344827586206,46.00715137067938,47.462686567164184,49.61038961038961,46.390658174097666,44.048943270300335,46.38487208008899,46.25850340136054,47.577639751552795,45.766345123258304,49.81366459627329,45.80233793836344,48.08362369337979,49.3368700265252,47.039106145251395,48.07162534435262,46.25292740046839,44.85549132947977,47.368421052631575,52.344740177439796,49.584487534626035,47.30538922155689,47.01754385964912,45.0,44.835680751173705,46.15384615384615
23,24,58.885424785658614,46.728971962616825,47.020725388601036,46.285714285714285,46.27027027027027,49.2772667542707,47.270471464019856,45.34368070953437,48.44290657439446,41.33522727272727,42.6559356136821,48.040638606676346,45.63106796116505,47.84688995215311,49.25925925925926,44.01294498381877,48.57142857142857,46.25158831003812,47.0517448856799,46.56144306651635,45.78651685393258,47.74346793349169,47.47081712062256,49.11616161616162,44.503311258278146,47.46906636670416,47.07287933094385,48.035914702581366,50.264550264550266,47.20873786407767,43.76498800959233,46.80603948896632,45.949535192563076,46.84796044499382,43.91752577319588,48.11557788944724,45.45454545454545,46.029919447640964,49.05149051490515,46.928746928746925,48.174157303370784,46.054054054054056,45.32871972318339,46.611177170035674,51.84210526315789,49.667994687915005,48.15695600475624,46.8869123252859,44.40203562340967,44.72123368920522,45.938748335552596
24,25,58.932739516540124,47.63157894736842,46.616541353383454,45.05703422053232,47.276688453159046,48.75491480996068,46.875,46.71361502347418,49.371428571428574,41.038771031455745,42.052313883299796,49.65034965034965,46.125461254612546,46.74698795180723,48.88059701492538,44.45606694560669,48.66008462623414,47.022332506203476,46.43288996372431,46.394230769230774,45.59023066485753,49.04306220095694,47.23618090452261,49.50617283950617,45.2,47.109207708779444,45.905420991926185,48.54586129753915,50.132275132275126,47.10648148148148,43.67541766109785,46.16279069767442,46.24505928853755,46.72330097087379,45.386266094420606,49.52153110047847,46.300448430493276,48.118586088939566,48.78706199460917,47.648514851485146,47.696476964769644,45.5026455026455,46.40198511166253,46.774193548387096,52.02020202020202,50.70603337612324,47.658079625292736,47.83748361730013,45.61626429479034,45.25205158264947,46.10215053763441
25,26,59.64936768934423,47.06616729088639,45.65727699530516,44.44444444444444,46.674182638105975,47.00122399020808,46.93422519509476,46.10917537746806,48.070562293274534,40.86257309941521,42.427385892116185,47.956403269754766,46.65127020785219,45.75688073394495,47.42268041237113,44.400396432111,50.14164305949008,45.77226606538895,46.875,46.36871508379888,45.478374836173,47.56511891279728,46.658711217183765,48.870392390011894,45.220588235294116,48.07692307692308,45.2894438138479,47.96663190823775,49.271844660194176,46.1283185840708,43.652561247216035,45.86549062844543,45.955882352941174,45.56818181818182,45.75892857142857,48.96103896103896,45.80941446613088,47.67567567567568,48.02547770700637,47.482014388489205,49.0372272143774,44.67836257309942,46.35352286773795,46.941045606229146,50.81555834378921,48.20809248554913,47.74266365688488,47.28877679697352,43.561973525872446,45.704057279236274,45.40750323415265
26,27,59.577392663666004,47.096774193548384,45.89774078478002,46.03004291845493,46.12903225806452,48.54111405835544,46.65911664779162,45.72072072072072,47.963800904977376,40.729927007299274,42.617801047120416,47.06649282920469,46.43705463182898,46.51442307692308,46.75767918088737,44.12698412698413,47.22222222222222,44.36450839328538,44.905660377358494,45.294117647058826,44.70588235294118,45.54794520547945,46.32183908045977,49.325153374233125,44.640605296343,49.11504424778761,46.04810996563574,50.31525851197982,48.7468671679198,46.463414634146346,44.714459295261236,45.87378640776699,45.605095541401276,45.60622914349277,45.1045104510451,46.316964285714285,45.487804878048784,47.42489270386266,45.984455958549226,46.06126914660831,48.25806451612903,45.65992865636147,45.82338902147971,46.53802497162315,49.93788819875776,47.05188679245283,46.48526077097506,47.62532981530343,45.149253731343286,46.221662468513856,45.38361508452536
27,28,61.63998338286518,44.17670682730924,45.018450184501845,45.38606403013183,44.18886198547216,45.40880503144654,44.28879310344828,45.75471698113208,47.31934731934732,42.481884057971016,41.784989858012175,45.8656330749354,45.67307692307692,46.27994955863809,45.5467869222097,44.76386036960985,47.07520891364902,43.772672309552604,46.37883008356546,44.18604651162791,42.59740259740259,43.376318874560376,44.23558897243108,47.82608695652174,43.504901960784316,46.17706237424547,44.30844553243574,45.98168870803662,46.5954606141522,45.22096608427544,42.69141531322506,45.29262086513995,46.18421052631579,43.191964285714285,45.18002322880372,45.76043068640646,43.30543933054393,46.56917885264342,43.75,45.90604026845638,47.79614325068871,42.08289054197662,45.34005037783375,45.37712895377129,47.20496894409938,45.380116959064324,44.21768707482993,45.935483870967744,42.857142857142854,44.375,45.793103448275865
28,29,60.65022421524664,45.45454545454545,45.357142857142854,44.58536585365854,45.73560767590618,46.2406015037594,45.91121495327103,45.0,49.08883826879271,41.01876675603217,42.53092293054234,44.97422680412371,46.82814302191465,46.463414634146346,45.5020920502092,45.1417004048583,46.42857142857143,42.136150234741784,45.90570719602978,44.07744874715262,43.412797992471766,44.120940649496085,46.51162790697674,48.38709677419355,43.27784891165173,46.346346346346344,44.457409568261376,46.61016949152542,47.01492537313433,44.642857142857146,43.880926130099226,44.493882091212456,44.89003880983182,45.1152579582876,45.026737967914436,44.883720930232556,43.653250773993804,47.03247480403135,44.06565656565656,47.40024183796856,46.27450980392157,44.567627494456765,44.70314318975553,46.589595375722546,47.123623011015916,46.783625730994146,45.94894561598224,46.875,44.44444444444444,44.06976744186046,45.40750323415265
29,30,61.01477199743096,45.525291828793776,45.65217391304348,45.16785350966429,45.85908529048208,47.47191011235955,45.5075845974329,46.79738562091503,47.18232044198895,39.77358490566038,41.67487684729064,46.134020618556704,44.46927374301676,47.446236559139784,46.95051783659379,44.502074688796675,49.317147192716234,42.45283018867924,45.57640750670242,43.90243902439025,43.57682619647355,44.96487119437939,46.578947368421055,48.09815950920245,43.691899070385126,47.41275571600481,44.48275862068966,48.26388888888889,47.08798017348203,46.875,45.2755905511811,44.28044280442804,45.21276595744681,45.81901489117984,43.779342723004696,47.83748361730013,43.59267734553776,47.38015607580825,45.16574585635359,46.86192468619247,46.409574468085104,43.27044025157233,45.34075104311544,45.80941446613088,46.64224664224664,46.705202312138724,44.972375690607734,46.02739726027397,44.00494437577256,44.64751958224543,44.529262086513995
30,31,61.39647590271338,44.253632760898284,44.9938195302843,44.81481481481481,45.24390243902439,46.441947565543074,45.843520782396084,44.81927710843374,49.136939010356734,41.25560538116592,42.404473438956195,46.75496688741722,44.79166666666667,47.3423980222497,48.16132858837485,44.19595314164005,48.32605531295487,43.93564356435643,46.20505992010652,44.4311377245509,44.921875,45.05363528009535,48.505434782608695,48.641975308641975,43.43675417661098,45.83751253761284,44.35294117647059,46.23069936421435,47.30290456431535,45.22821576763486,43.412526997840175,44.4954128440367,46.049046321525886,45.98623853211009,45.42294322132097,47.88918205804749,43.24324324324324,46.59746251441753,45.86160108548169,45.58441558441558,45.31468531468531,43.604651162790695,45.89308996088657,45.0653983353151,49.10941475826972,48.47746650426309,46.612149532710276,47.39583333333333,43.22981366459627,43.619489559164734,45.50335570469798
31,32,61.247019341164,44.54314720812182,44.32367149758454,45.91078066914498,44.78458049886621,47.3474801061008,46.236559139784944,44.919786096256686,48.298572996706916,41.81818181818181,43.28960645812311,45.25,43.05408271474019,46.44149577804584,46.681664791901014,44.8559670781893,48.6449864498645,42.77456647398844,46.96066746126341,44.65691788526434,43.84236453201971,45.27186761229314,45.74742268041237,48.15668202764977,43.66373902132999,45.417095777548916,44.60093896713615,47.47682801235839,47.36180904522613,46.92982456140351,43.12431243124312,45.39951573849879,45.24421593830334,46.943483275663205,42.71555996035679,47.329192546583855,45.033112582781456,46.25698324022346,47.2630173564753,46.94132334581773,46.09271523178808,43.81443298969072,44.148319814600235,46.01873536299766,47.868453105968335,46.27039627039627,45.43429844097995,46.9790382244143,43.87019230769231,43.84449244060475,45.590062111801245
32,33,61.351055326958935,45.335085413929036,45.81772784019975,44.034917555771095,44.390243902439025,45.11742892459827,45.54216867469879,45.869297163995064,48.33141542002301,40.816326530612244,41.52046783625731,47.53004005340454,43.58108108108108,46.87116564417178,47.61363636363637,44.69453376205787,48.41149773071105,43.17617866004963,45.52429667519181,44.26229508196721,44.70284237726098,45.933014354066984,43.53348729792148,48.73341375150784,43.32909783989835,45.07177033492823,44.93444576877235,48.22389666307858,47.32620320855615,46.666666666666664,43.34433443344334,44.416562107904646,44.80874316939891,45.370370370370374,45.95842956120092,47.2972972972973,43.73737373737374,47.85631517960602,46.423562412342214,45.42079207920792,46.07977991746905,41.822173435784855,44.601542416452446,45.605700712589076,48.56070087609512,48.94409937888199,46.84898929845422,46.06598984771574,44.22360248447205,43.99141630901288,44.339622641509436
33,34,61.367657466383584,46.2787550744249,46.373056994818654,44.26840633737186,45.123537061118334,47.66483516483517,45.61626429479034,47.793190416141236,49.81458590852905,40.43126684636118,42.2680412371134,46.386333771353485,44.063647490820074,46.9790382244143,47.205707491082045,43.575418994413404,49.166666666666664,40.749414519906324,46.994535519125684,45.501285347043705,43.39378238341969,47.073474470734745,46.386333771353485,48.21208384710234,44.689655172413794,45.248380129589634,45.14218009478673,47.27272727272727,48.506401137980085,45.61965811965812,43.13513513513513,44.776119402985074,43.76770538243626,45.646766169154226,45.040840140023334,47.275204359673026,44.29319371727748,48.60606060606061,46.68508287292818,48.75816993464052,46.12068965517241,43.42258440046566,46.04715672676838,45.20048602673147,47.83132530120482,46.33540372670807,45.36082474226804,46.830530401034935,43.583535108958834,44.527896995708154,46.01648351648351
34,35,61.377360157883885,45.564516129032256,46.22516556291391,44.34389140271493,44.23963133640553,47.24832214765101,45.41984732824427,44.91620111731844,49.74160206718346,41.77660510114336,42.32245681381958,46.5359477124183,44.84412470023981,47.51861042183623,47.324613555291315,44.44444444444444,48.29545454545455,42.0125786163522,46.050870147255694,43.12138728323699,43.46153846153846,46.09375,44.818976279650435,48.33538840937115,44.271570014144274,46.64351851851852,44.044665012406945,47.23092998955068,47.88540245566166,46.69652855543113,41.97802197802198,45.78313253012048,45.1063829787234,47.02842377260982,42.63322884012539,47.941567065073045,44.01756311745334,47.81553398058252,46.22093023255814,45.751633986928105,46.09929078014184,44.04332129963899,43.80165289256198,45.261845386533665,47.329192546583855,47.651006711409394,45.65217391304348,46.253229974160206,42.82115869017632,44.16761041902605,45.839017735334245
35,36,61.32820527876457,46.20418848167539,45.08094645080946,44.64110127826942,45.12338425381904,45.01246882793018,45.75242718446602,45.2991452991453,47.851335656213706,41.06813996316759,42.421052631578945,46.657754010695186,44.097995545657014,46.23529411764706,46.91943127962085,44.208289054197664,47.28033472803347,42.10526315789473,44.57364341085272,44.71153846153847,42.3620025673941,45.26699029126214,43.34433443344334,48.54981084489281,42.66169154228855,45.29520295202952,45.46511627906977,46.625129802699895,46.86248331108144,45.21072796934866,42.94541709577755,44.146341463414636,44.61118690313779,46.394230769230774,43.81161007667031,47.49082007343941,43.76869391824527,46.65898617511521,45.626822157434404,45.49707602339181,45.50408719346049,41.86991869918699,45.75835475578406,46.10778443113773,47.43429286608261,46.82151589242054,44.31818181818182,45.0,44.27083333333333,43.455497382198956,44.097693351424695
36,37,61.39803309581296,44.45812807881773,44.148319814600235,44.56233421750663,45.39007092198582,46.70255720053836,45.886442641946694,46.41555285540705,47.94050343249428,42.40282685512368,42.22846441947566,45.50063371356147,46.12634088200238,46.38036809815951,46.16228070175439,44.41056910569105,46.1139896373057,42.857142857142854,46.60912453760789,46.38036809815951,43.95061728395061,43.89697648376259,47.625698324022345,48.275862068965516,42.11764705882353,45.04504504504504,45.33029612756264,47.173689619732784,48.223350253807105,46.28632938643703,43.293347873500544,45.44392523364486,44.905660377358494,44.56177402323125,46.14499424626007,45.23809523809524,44.526315789473685,46.74033149171271,44.221105527638194,47.70992366412214,45.62982005141388,43.904958677685954,46.1139896373057,45.98870056497175,46.842709529276696,46.88195991091314,44.27807486631016,49.09847434119279,43.95061728395061,43.83259911894273,44.48621553884712
37,38,61.41496118560339,45.52845528455284,44.01008827238335,43.84057971014493,44.8051948051948,44.89795918367347,45.599022004889974,42.58064516129032,48.80546075085324,40.7202216066482,41.69124877089479,45.14877102199224,43.67816091954023,46.260069044879174,45.810663764961916,44.63894967177243,46.08108108108108,40.581395348837205,44.9938195302843,43.22799097065463,42.87515762925599,44.81132075471698,43.52557127312296,48.62932061978546,44.3717277486911,44.79717813051146,44.70158343483557,46.22641509433962,46.737683089214386,44.412607449856736,42.901234567901234,43.9080459770115,45.21857923497268,44.632768361581924,43.920335429769395,45.45454545454545,43.7,47.55661501787843,43.32909783989835,46.35294117647059,45.467032967032964,42.60178748758689,43.65714285714286,45.883777239709445,47.39393939393939,45.895953757225435,44.620611551528874,45.899772209567196,43.24970131421744,43.882709807886755,44.77211796246649
38,39,61.441701525952986,45.47803617571059,45.30120481927711,44.75524475524475,46.03381014304291,46.612466124661246,44.82352941176471,46.92307692307692,49.11452184179457,39.76693372177713,41.79254783484391,48.39609483960948,45.704057279236274,47.211413748378725,47.73519163763066,43.83561643835616,48.567335243553,42.58373205741627,46.3903743315508,45.20048602673147,45.30831099195711,46.11764705882353,47.03448275862069,48.10281517747858,43.59313077939234,47.0873786407767,44.54545454545455,48.46698113207547,47.51677852348993,47.21518987341772,44.772447724477246,45.08009153318078,44.13702239789196,45.57260920897285,47.0517448856799,47.94701986754967,44.30844553243574,46.63625997719498,46.565934065934066,48.19277108433735,45.793103448275865,43.6183395291202,46.97173620457604,45.09803921568628,49.68071519795657,47.83132530120482,46.68989547038328,48.67872044506258,43.47826086956522,45.410628019323674,44.89247311827957
39,40,61.43479284369114,45.92391304347826,45.721583652618136,44.30051813471503,43.696450428396574,47.64468371467026,45.760598503740646,45.605700712589076,49.08424908424908,42.05443371378402,42.68060836501901,46.03381014304291,45.55160142348754,46.48212226066897,46.308724832214764,44.394110985277464,46.334716459197786,42.01995012468828,47.112860892388454,44.67065868263473,43.75,44.78155339805826,45.385587863463975,49.10025706940874,44.80712166172107,46.839378238341965,44.95747266099636,45.91078066914498,47.72079772079772,44.905660377358494,42.525252525252526,44.98141263940521,45.17543859649123,45.19015659955257,46.075085324232084,45.4661558109834,43.78109452736319,47.086247086247084,44.60916442048518,45.808019441069256,45.839416058394164,43.42984409799555,44.30538172715895,45.35585042219542,47.13216957605985,46.76258992805755,45.15011547344111,48.257372654155496,44.33249370277078,44.554455445544555,45.2513966480447
40,41,61.453122241186506,45.57823129251701,46.06741573033708,45.67901234567901,44.6242774566474,47.03557312252965,45.70737605804111,44.64487034949267,50.0,42.28723404255319,42.2680412371134,47.96633941093969,46.11464968152866,47.69820971867008,49.20828258221681,44.632768361581924,49.63503649635037,44.69200524246396,48.369565217391305,43.786982248520715,45.43010752688172,45.843828715365234,46.612466124661246,48.90322580645161,43.42465753424658,47.61336515513126,44.98141263940521,47.94816414686825,47.559274755927476,47.520184544406,43.794749403341285,46.144121365360306,44.460028050490884,46.27218934911242,46.07734806629834,48.75164257555847,44.215349369988544,47.67309875141884,46.52482269503546,47.2972972972973,45.6981664315938,44.1588785046729,44.49818621523579,45.39007092198582,49.73890339425587,50.0,47.39454094292804,49.44134078212291,43.62934362934363,44.121071012805594,44.15041782729805
41,42,61.46103131622321,45.984455958549226,45.911949685534594,44.6524064171123,44.07530454042082,45.62043795620438,45.16129032258064,44.41988950276243,47.81065088757396,39.85714285714286,42.311459353574925,46.49933949801849,43.28523862375139,46.58536585365854,47.20930232558139,44.310722100656456,47.97843665768194,42.002442002442,45.6575682382134,44.53213077790304,43.116883116883116,45.25547445255474,44.30082256169213,48.11205846528623,43.23671497584541,46.28865979381443,45.22144522144522,47.257383966244724,47.14285714285714,47.003154574132495,44.470314318975554,45.13805522208884,44.878706199460915,46.65856622114216,42.54032258064516,46.21026894865526,44.18356456776948,47.134502923976605,46.50499286733238,47.13930348258707,46.31147540983606,42.671009771986974,44.85981308411215,45.77294685990338,47.880299251870326,47.03656998738966,44.69783352337514,44.80369515011547,44.554455445544555,44.350580781415,44.62915601023018
42,43,61.461490920862886,45.13618677042802,44.13965087281795,45.733461169702785,44.38202247191011,44.88567990373045,45.18879415347138,44.888888888888886,48.467650397275825,42.057761732851986,42.857142857142854,45.87945879458795,43.13063063063063,45.371428571428574,46.87144482366325,44.683136412459724,49.00568181818182,42.632850241545896,46.18226600985222,43.13725490196079,43.15151515151515,45.72127139364303,42.291666666666664,49.03614457831325,42.739079102715465,45.075421472937,45.220588235294116,46.78423236514523,46.71814671814672,45.23580365736285,42.10526315789473,45.52238805970149,45.25065963060686,46.68989547038328,44.397905759162306,48.03921568627451,43.967280163599185,47.356321839080465,46.50537634408602,46.37336504161712,45.40612516644474,42.73170731707317,44.62809917355372,45.67022538552787,47.134502923976605,47.31823599523242,45.70135746606335,44.83985765124555,43.6670687575392,43.27902240325866,44.81434058898848
43,44,61.461490920862886,45.6551724137931,45.76271186440678,45.557851239669425,44.79905437352246,47.53173483779972,46.20253164556962,46.4508094645081,49.16267942583732,40.1193139448173,42.04204204204204,47.277936962750715,44.89003880983182,47.332421340629274,48.152866242038215,45.13966480446928,49.23928077455049,45.234899328859065,45.19846350832266,43.66013071895425,44.307270233196164,45.784695201037614,47.043010752688176,47.76839565741858,44.42953020134228,47.037484885126965,44.96124031007752,49.333333333333336,47.229551451187334,48.0225988700565,45.56786703601108,44.900662251655625,45.543175487465184,46.375,45.1764705882353,46.699875466998755,44.71968709256845,47.40024183796856,45.88068181818182,46.31043256997455,45.62841530054645,44.55324357405141,45.855614973262036,45.714285714285715,48.59060402684563,49.73262032085562,46.43304130162703,47.285714285714285,44.09148665819568,45.80559254327563,45.06089309878214
44,45,61.467161016949156,45.9037711313394,44.818976279650435,45.78651685393258,44.61722488038278,47.57952973720608,45.66544566544567,44.76409666283084,48.47746650426309,40.735400144196106,42.048780487804876,46.00811907983762,45.54794520547945,47.66977363515313,47.171945701357465,44.148936170212764,49.21090387374462,41.58536585365854,47.14881780250348,44.355758266818704,43.95750332005312,45.609756097560975,45.854922279792746,49.48051948051948,41.84308841843089,46.92118226600985,45.08670520231214,48.01362088535755,48.199445983379505,47.3170731707317,44.15094339622642,45.19230769230769,45.7182320441989,45.680473372781066,43.454345434543455,48.59060402684563,43.05555555555556,46.45760743321719,46.561604584527224,48.313090418353575,45.90395480225989,43.60313315926893,45.024875621890544,44.89795918367347,47.13930348258707,47.54491017964072,44.67120181405896,47.56898817345598,44.387096774193544,45.34313725490196,44.18282548476454
45,46,61.467161016949156,44.785276073619634,44.246737841043895,44.84679665738162,44.46878422782037,47.45762711864407,45.67307692307692,44.06047516198704,47.90011350737798,41.73838209982788,42.52767527675277,47.196870925684486,44.493882091212456,46.54761904761905,47.11014176663031,44.51345755693582,47.51308900523561,43.712574850299404,46.98795180722892,44.27141268075639,45.431472081218274,45.905420991926185,45.534591194968556,48.148148148148145,43.54005167958656,45.87426326129666,44.742990654205606,45.66420664206642,47.28877679697352,45.88701684836472,42.675159235668794,44.882729211087415,45.22292993630573,45.19015659955257,44.60732984293194,47.08074534161491,42.872117400419285,46.77777777777778,45.755968169761275,47.31308411214953,46.10303830911493,43.64224137931034,44.76940382452194,45.766590389016024,48.61278648974668,48.74551971326165,46.69652855543113,48.07930607187112,44.29771908763505,44.79283314669653,45.614035087719294
46,47,61.467161016949156,45.59228650137741,45.0063211125158,45.16785350966429,45.9727385377943,47.88135593220339,46.03960396039604,46.095717884130984,49.815498154981555,40.43517679057117,42.84232365145228,44.45927903871829,43.44827586206896,47.103274559193956,46.58018867924528,45.56407447973713,48.42857142857142,42.04131227217497,45.85987261146497,46.1436170212766,43.02176696542894,45.40880503144654,46.03580562659847,48.946716232961585,41.74641148325359,45.370370370370374,44.85294117647059,47.288503253796094,47.87234042553192,45.625692137320044,43.652561247216035,44.2159383033419,45.56786703601108,45.8133971291866,44.35754189944134,47.45145631067961,43.48314606741573,47.51184834123222,45.62146892655367,48.0453972257251,45.60669456066946,43.197278911564624,47.13896457765668,45.410628019323674,46.658259773013874,47.5669099756691,44.39359267734554,46.72021419009371,44.23320659062104,45.195729537366546,44.20485175202156
47,48,61.467161016949156,45.35809018567639,45.102781136638455,44.61538461538462,44.88778054862843,47.82608695652174,45.88235294117647,45.917159763313606,49.166666666666664,42.082239720035,41.605839416058394,45.68062827225131,45.628742514970064,48.4375,45.70815450643777,43.729903536977496,46.40522875816993,41.978287092882994,47.112860892388454,45.0354609929078,44.289340101522846,44.8394495412844,46.42857142857143,48.00498753117207,42.82208588957055,45.67627494456763,44.0046565774156,47.36297828335057,49.07801418439716,46.902654867256636,43.665158371040725,44.495944380069524,44.05594405594406,44.13347685683531,45.94285714285714,45.42032622333751,43.41675734494015,47.48283752860412,44.021024967148485,47.943444730077125,45.36376604850214,43.04635761589404,45.654993514915695,44.96567505720824,47.10843373493976,46.45669291338583,44.707207207207205,48.143236074270554,43.859649122807014,44.38325991189427,45.380434782608695
48,49,61.467161016949156,45.07772020725388,45.35175879396985,44.93006993006993,44.989106753812635,46.69117647058824,46.0880195599022,44.601962922573605,50.0,41.007194244604314,42.12062256809339,46.02774274905423,45.4653937947494,45.664739884393065,45.89266155531216,45.20255863539446,46.5736040609137,42.17142857142857,46.913580246913575,43.19526627218935,43.75772558714463,44.636678200692046,45.2322738386308,48.113207547169814,43.3411214953271,46.57258064516129,45.05363528009535,46.660305343511446,47.20416124837451,45.5020920502092,43.567567567567565,45.56818181818182,45.98639455782313,44.493882091212456,45.21276595744681,45.96199524940617,44.24379232505643,47.21906923950057,44.5398773006135,47.60191846522782,45.588235294117645,43.61820199778024,44.712643678160916,45.538818076477405,47.67025089605735,45.774647887323944,45.193370165745854,47.53476611883691,42.80618311533888,45.42253521126761,45.247148288973385
49,50,61.467161016949156,44.823232323232325,44.54976303317535,45.260223048327134,44.00494437577256,47.26775956284153,45.76877234803337,45.85365853658537,48.36363636363637,41.99823165340407,42.28624535315985,47.88732394366197,46.23529411764706,47.87234042553192,48.152562574493444,44.232804232804234,49.01685393258427,42.40583232077764,46.93877551020408,44.53488372093023,45.29331514324693,45.01187648456057,47.69452449567723,47.630619684082625,43.53099730458221,47.01670644391408,45.664739884393065,46.513944223107565,48.17320703653586,46.14561027837259,43.24324324324324,44.79905437352246,45.64926372155288,45.373467112597545,45.09803921568628,47.638326585695005,43.34719334719335,46.69603524229075,46.10123119015048,47.81420765027322,45.16574585635359,42.906976744186046,46.41943734015345,45.81447963800905,49.224806201550386,46.80603948896632,46.31336405529954,48.44632768361582,42.77035236938032,44.59770114942529,44.518716577540104
