Depth,Train,Test1,Test2,Test3,Test4,Test5,Test6,Test7,Test8,Test9,Test10,Test11,Test12,Test13,Test14,Test15,Test16,Test17,Test18,Test19,Test20,Test21,Test22,Test23,Test24,Test25,Test26,Test27,Test28,Test29,Test30,Test31,Test32,Test33,Test34,Test35,Test36,Test37,Test38,Test39,Test40,Test41,Test42,Test43,Test44,Test45,Test46,Test47,Test48,Test49,Test50,Mean,STD,First_Quartile,Median,Third_Quartile
1,0.0,0.0,0.0,0.0,0.0,0.0,0.0,0.0,0.0,0.0,0.0,0.0,0.0,0.0,0.0,0.0,0.0,0.0,0.0,0.0,0.0,0.0,0.0,0.0,0.0,0.0,0.0,0.0,0.0,0.0,0.0,0.0,0.0,0.0,0.0,0.0,0.0,0.0,0.0,0.0,0.0,0.0,0.0,0.0,0.0,0.0,0.0,0.0,0.0,0.0,0.0,0.0,0.0,0.0,0.0,0.0
2,0.0,0.0,0.0,0.0,0.0,0.0,0.0,0.0,0.0,0.0,0.0,0.0,0.0,0.0,0.0,0.0,0.0,0.0,0.0,0.0,0.0,0.0,0.0,0.0,0.0,0.0,0.0,0.0,0.0,0.0,0.0,0.0,0.0,0.0,0.0,0.0,0.0,0.0,0.0,0.0,0.0,0.0,0.0,0.0,0.0,0.0,0.0,0.0,0.0,0.0,0.0,0.0,0.0,0.0,0.0,0.0
3,0.0,0.0,0.0,0.0,0.0,0.0,0.0,0.0,0.0,0.0,0.0,0.0,0.0,0.0,0.0,0.0,0.0,0.0,0.0,0.0,0.0,0.0,0.0,0.0,0.0,0.0,0.0,0.0,0.0,0.0,0.0,0.0,0.0,0.0,0.0,0.0,0.0,0.0,0.0,0.0,0.0,0.0,0.0,0.0,0.0,0.0,0.0,0.0,0.0,0.0,0.0,0.0,0.0,0.0,0.0,0.0
4,0.0,0.0,0.0,0.0,0.0,0.0,0.0,0.0,0.0,0.0,0.0,0.0,0.0,0.0,0.0,0.0,0.0,0.0,0.0,0.0,0.0,0.0,0.0,0.0,0.0,0.0,0.0,0.0,0.0,0.0,0.0,0.0,0.0,0.0,0.0,0.0,0.0,0.0,0.0,0.0,0.0,0.0,0.0,0.0,0.0,0.0,0.0,0.0,0.0,0.0,0.0,0.0,0.0,0.0,0.0,0.0
5,7.918703542489788,7.477678571428571,8.239595050618673,7.347275729223996,7.931131809201242,7.996656450264698,8.027397260273974,8.471248246844318,8.335648791330925,6.898470097357441,7.609618104667609,8.118701007838744,7.597765363128492,7.888181566565182,7.8579418344519025,8.196271929824562,8.083663086489542,7.20112517580872,7.3643410852713185,8.256880733944955,7.989977728285077,7.657272986051808,6.856187290969899,7.976324689966178,7.858546168958743,8.111888111888112,7.445621862799777,7.9738933030647,7.313642756680731,7.90273556231003,7.575757575757576,8.101336302895323,7.618525623458481,7.856746252082177,8.51182197496523,7.711374277058662,7.558302894071368,8.758716875871688,7.892479267943953,8.011049723756907,7.967110859087042,7.884998576715057,7.47191011235955,7.8431372549019605,7.979017117614577,7.685973099094154,8.500557413600891,8.522238163558105,7.536397373679702,6.974813174647107,7.758381823219729,7.8341265618369835,0.4151440362656369,7.5812595226003054,7.88659007164012,8.06959662993565
6,7.654746757740129,7.338169642857142,7.874015748031496,7.017061089708311,7.535986452159187,7.745890220117024,7.863013698630136,8.050490883590463,8.002222839677687,6.759388038942976,7.383309759547384,7.9227323628219475,7.374301675977654,7.777470246332688,7.606263982102908,7.8673245614035086,7.801017524024872,7.032348804500703,7.225913621262459,7.998853211009174,7.850779510022271,7.315684600056932,6.716833890746934,7.638105975197294,7.5217513331462245,8.0,7.2504182933630785,7.661748013620885,6.976090014064698,7.7369439071566735,7.4354657687991015,7.906458797327394,7.317073170731707,7.551360355358135,8.150208623087622,7.435968052877994,7.249227311042428,8.507670850767084,7.7209036316843,7.624309392265194,7.598525659200453,7.742670082550526,7.106741573033708,7.511737089201878,7.730535615681944,7.41147405984079,8.30546265328874,8.17790530846485,7.250927776191836,6.836424024356491,7.4535882515932395,7.577375358948363,0.3936480219809634,7.322347288763066,7.60239482065168,7.85995515147817
7,6.1262528181432625,6.026785714285714,6.130483689538808,5.5310952118877275,5.927180355630822,6.324881582613541,6.383561643835617,6.227208976157083,6.612948041122533,5.229485396383867,6.223479490806223,6.270996640537514,5.921787709497207,6.393578743426516,6.0402684563758395,6.798245614035088,6.218202374222725,5.288326300984529,5.869324473975636,6.192660550458716,6.430957683741648,5.949331056077427,5.32329988851728,6.200676437429538,5.47291608195341,6.20979020979021,5.8839933073061905,5.703745743473325,5.428973277074543,5.913235700469743,5.892255892255893,6.013363028953229,5.864620443957248,5.968906163242643,6.425591098748261,5.948774442302396,5.844338297274515,6.750348675034868,6.462682299113526,6.0497237569060776,5.869010490501843,6.404782237403928,5.702247191011236,6.020436343551506,6.156819436775262,6.011528959648641,6.633221850613155,6.771879483500717,5.994861547245218,5.231109880985331,5.652535328345802,6.035929143979606,0.38989448277478883,5.869088986370292,6.016899686252367,6.260049724442406
8,5.787517578517377,5.580357142857143,5.568053993250844,5.090809025866813,5.75783234546994,5.906937865700752,6.054794520547945,5.778401122019635,6.3073075854404,5.034770514603617,5.912305516265913,5.851063829787234,5.5027932960893855,5.95073346249654,5.844519015659955,6.4144736842105265,5.794234030525721,4.9789029535864975,5.62015503875969,5.647935779816514,5.957683741648108,5.5508112724167376,4.988851727982162,5.9470124013528745,5.248386191411732,6.06993006993007,5.382041271611824,5.2213393870601585,5.232067510548523,5.581652390163028,5.499438832772166,5.595768374164811,5.535763222800767,5.302609661299278,5.8970792767732965,5.480583861195263,5.535262714245574,6.4156206415620645,6.062339147841007,5.801104972375691,5.47207258293167,6.177056646740677,5.365168539325843,5.7718862192764435,5.687465488680287,5.572330496843262,6.32664437012263,6.370157819225251,5.652298030259777,4.7882646000553555,5.292324743696315,5.667547938585354,0.3885242433664089,5.474200402497568,5.6340454092881025,5.910963603624623
9,6.506841670573003,6.389508928571429,6.327334083239595,8.475509080902587,6.040079029071409,6.965728615213152,6.684931506849315,6.760168302945302,7.029730480689081,9.95827538247566,9.674681753889674,6.690929451287794,6.340782122905028,6.836424024356491,6.9630872483221475,7.264254385964912,6.585641605426796,5.8790436005625875,6.866002214839424,6.708715596330276,6.8763919821826285,6.46171363506974,5.68561872909699,7.1025930101465615,6.006174571989896,7.1328671328671325,6.664807585052984,7.491486946651532,6.019690576652602,7.543520309477756,6.846240179573512,6.70935412026726,6.27569197040285,6.302054414214325,6.620305980528513,6.389424400991463,7.249227311042428,7.336122733612273,7.063197026022305,6.3259668508287294,6.379359228806352,7.742670082550526,6.264044943820226,6.655619994476663,6.847045831032579,6.560527038155367,7.357859531772576,7.345767575322812,6.651441621467313,6.116800442845281,6.345247991133278,6.856193223237942,0.8009359239141787,6.353775800551547,6.6998225238090345,7.092744014115498
10,6.602825955936517,6.584821428571429,6.439820022497187,7.072096862960925,6.068303697431555,6.687099470604625,6.5479452054794525,6.5918653576437585,6.890803000833564,10.319888734353269,7.807637906647807,6.634938409854424,6.312849162011173,6.698034874065874,6.739373601789709,7.538377192982456,6.557377049180328,5.822784810126582,6.50609080841639,6.594036697247706,6.653674832962138,6.31938514090521,5.769230769230769,7.1025930101465615,5.9500420993544765,7.188811188811189,6.776352481873954,7.236095346197503,5.935302390998594,7.488256424426637,6.7340067340067336,6.542316258351893,6.166072896684023,6.302054414214325,6.620305980528513,6.361883778573397,7.193031750491712,7.391910739191074,7.0060051472690885,6.270718232044199,6.379359228806352,7.571875889553088,6.151685393258427,7.042253521126761,6.929872998343457,6.5879769420807035,7.246376811594203,7.345767575322812,6.480159862974594,6.116800442845281,6.400665004156276,6.753499751580443,0.7024763541415837,6.366252641131635,6.60717133888811,7.0646360275023845
11,6.773030648005536,6.529017857142858,6.439820022497187,7.8701155751238305,6.096528365791702,6.714962385065477,6.5479452054794525,6.64796633941094,7.001944984717976,10.34770514603616,7.892503536067892,6.690929451287794,6.4804469273743015,7.196235815112095,6.823266219239374,7.483552631578948,6.585641605426796,5.9071729957805905,6.533776301218161,6.8807339449541285,6.848552338530068,6.490179333902647,5.852842809364549,7.1025930101465615,5.978108335672187,7.748251748251748,6.887897378694925,8.087400681044269,5.935302390998594,8.151423045040067,7.4074074074074066,6.653674832962138,6.1386681282543165,6.468628539700166,6.815020862308763,6.527127513081796,7.951671817926384,7.475592747559275,7.034601086645696,6.353591160220995,6.436064644173518,8.283518360375746,6.292134831460674,7.042253521126761,7.040309221424628,6.642876749931376,7.3021181716833885,7.345767575322812,6.42306594347702,6.642679213949626,6.483790523690773,6.93026758467269,0.7833433979888722,6.48128282645342,6.702945918176636,7.275647582540565
12,6.813210116297238,6.4453125,6.383577052868391,6.93450742982939,6.068303697431555,6.714962385065477,6.438356164383562,6.64796633941094,6.779661016949152,10.403337969401948,7.892503536067892,6.662933930571109,6.340782122905028,6.725712704123997,6.543624161073826,7.565789473684211,6.613906161673262,5.850914205344585,6.533776301218161,6.8807339449541285,6.737193763919821,6.490179333902647,5.852842809364549,7.046223224351747,5.865843390401347,7.076923076923077,6.804238706079197,7.321225879682179,5.9071729957805905,7.654048079579995,6.7340067340067336,6.514476614699332,6.1386681282543165,6.3575791227096055,6.8428372739916545,6.527127513081796,7.333520651868502,7.364016736401674,6.805833571632829,6.2154696132596685,6.265948398072016,7.600341588385994,6.292134831460674,6.848936757801711,6.957482054113749,6.642876749931376,7.246376811594203,7.144906743185079,6.223237225235512,5.840022142264047,6.456082017179273,6.75068867272143,0.7205672141013728,6.364078605249302,6.655450134991025,6.951738398042659
13,6.959418737025381,6.2779017857142865,6.046119235095613,7.59493670886076,6.294101044312729,6.575647812761215,6.3561643835616435,6.535764375876578,6.75187552097805,10.23643949930459,7.637906647807638,6.662933930571109,6.424581005586592,7.1685579850539725,6.599552572706935,7.483552631578948,6.4160542679479935,5.654008438818566,6.007751937984496,7.052752293577981,6.180400890868596,6.3763165385710225,5.797101449275362,7.187147688838783,5.978108335672187,7.636363636363637,6.776352481873954,8.257661748013621,5.710267229254571,8.013263332412269,7.267115600448934,6.625835189309577,5.645382296519594,6.135480288728484,6.314325452016689,6.554668135499862,7.83928069682495,7.308228730822873,6.634257935373176,6.4088397790055245,6.209242982704848,8.055792769712497,6.179775280898876,6.655619994476663,6.7918277194919945,6.258578094976667,7.023411371237458,7.259684361549498,6.080502426491579,6.919457514530861,6.345247991133278,6.7640428004199515,0.8180604042410695,6.263409017661072,6.587600192734075,7.18250026289258
14,6.861202258978995,6.138392857142857,5.877390326209224,6.851953769950468,6.124753034151849,6.575647812761215,6.273972602739726,6.395511921458626,6.696304529035843,12.712100139082057,7.524752475247524,6.270996640537514,6.201117318435754,6.808746194298367,6.599552572706935,7.291666666666667,6.302996042962125,5.40084388185654,5.92469545957918,7.052752293577981,6.0690423162583516,6.177056646740677,5.8249721293199554,6.93348365276212,5.781644681448218,6.5174825174825175,6.553262688232013,6.2996594778660615,5.5696202531645564,6.244819010776458,6.172839506172839,6.597995545657015,5.563167991230475,6.0521932259855635,5.980528511821975,6.472046268245663,6.125316100028098,7.140864714086471,6.434086359736918,6.077348066298343,6.180890275021265,6.746370623398805,6.03932584269663,6.517536592101629,6.6261733848702375,6.038978863573977,6.911928651059086,7.173601147776183,5.823579788752498,5.867699972322169,6.151288445552785,6.4737789957768,1.0109757826976762,6.056405498553761,6.27248462163862,6.619518181829412
15,11.077814236924931,10.072544642857142,10.123734533183352,11.282333516785911,10.781823313576066,10.6993591529674,10.73972602739726,10.799438990182328,11.89219227563212,14.214186369958275,11.598302687411598,9.854423292273236,10.307262569832403,11.126487683365625,10.961968680089486,11.458333333333332,10.627473148671566,9.732770745428972,9.883720930232558,11.09518348623853,9.465478841870825,11.243951038998008,9.75473801560758,11.302142051860203,9.935447656469268,11.944055944055943,10.373675404350251,13.308740068104427,10.548523206751055,11.826471400939486,11.503928170594838,11.108017817371937,9.317621266100302,10.133259300388673,9.930458970792767,10.382814651611126,12.082045518404046,11.297071129707113,10.580497569345154,10.46961325966851,9.89509498157074,12.32564759464845,10.53370786516854,10.494338580502625,11.181667586968526,10.129014548449081,11.315496098104793,11.076040172166428,9.620325435341135,10.240797121505674,10.252147409254642,10.816481881121787,0.9469637119641953,10.13007573643398,10.663416150819483,11.293386726476813
16,10.944440724123307,9.877232142857142,9.67379077615298,11.007154650522839,10.527801298334746,10.504318751741431,10.301369863013699,10.743338008415147,11.253125868296749,16.689847009735743,11.117397454031117,9.518477043673013,9.972067039106145,10.84970938278439,10.766219239373601,10.910087719298247,10.344827586206897,9.648382559774966,9.634551495016613,10.521788990825689,9.326280623608017,11.130088243666382,9.559643255295429,11.13303269447576,9.767050238563009,10.76923076923077,10.206358059118795,11.975028376844495,10.29535864978903,10.665929814865985,10.802469135802468,10.662583518930957,9.125787887092354,9.60577456968351,9.902642559109875,10.217570917102726,10.845743186288283,11.241283124128312,10.551901629968546,10.331491712707182,9.810036858519988,11.357813834329633,10.589887640449438,10.273405136702568,10.988404196576477,9.799615701345045,11.09253065774805,10.78909612625538,9.534684556094776,9.687240520343206,9.864228318093653,10.515273587837825,1.0894241232578317,9.823584723413404,10.51305387128356,10.848717833660363
17,11.328935913748074,10.100446428571429,10.095613048368953,11.309851403412218,11.205193338978267,10.977988297575926,10.904109589041095,11.220196353436185,11.836621283689913,17.079276773296247,11.315417256011315,9.742441209406495,10.418994413407821,11.292554663714364,11.15771812080537,11.239035087719298,10.486150367439231,9.78902953586498,10.04983388704319,10.95183486238532,9.716035634743875,11.243951038998008,10.172798216276476,11.443066516347237,10.216110019646365,11.244755244755245,10.764082543223648,12.145289443813848,10.60478199718706,10.997513125172699,10.830527497194165,11.191536748329622,9.427240339819129,10.272071071626874,10.54242002781641,10.658220875791793,11.042427648215792,11.603905160390516,10.809265084358021,10.46961325966851,10.12191664303941,12.012524907486478,10.870786516853933,10.577188621927643,11.236885698509111,10.238814164150426,11.259754738015609,10.989956958393114,9.648872395089922,9.770274010517575,10.058187863674148,10.867061598624005,1.0992060543437512,10.22178605577238,10.850657007024049,11.23849774041675
18,11.410968994843634,9.933035714285714,9.758155230596175,11.915244909190974,11.854360711261643,10.755084981889105,10.575342465753424,11.388499298737727,11.864406779661017,13.96383866481224,11.711456859971712,9.574468085106384,9.804469273743017,11.209521173539995,10.710290827740492,10.910087719298247,10.966647823629168,9.873417721518987,10.326688815060908,10.6651376146789,9.465478841870825,11.016225448334756,10.28428093645485,11.13303269447576,10.637103564412012,11.748251748251748,10.764082543223648,12.939841089670828,10.745428973277074,11.715943630837247,11.307519640852973,10.857461024498887,9.536859413537956,9.883398112159911,11.432545201668985,11.319195813825393,11.941556617027254,11.548117154811715,10.408921933085502,10.883977900552486,10.178622058406578,13.0088243666382,11.235955056179774,10.7981220657277,11.01601325234677,9.82706560527038,11.231884057971014,10.616929698708752,9.620325435341135,10.351508441738169,10.03047935716265,10.904902126975935,0.9326168979277633,10.294882906106364,10.827791545113293,11.371173427509644
19,8.825531819906693,7.2265625,6.974128233970754,10.511832691249312,8.806096528365792,8.999721370855392,7.287671232876712,8.948106591865358,8.446790775215337,12.211404728789987,9.816124469589816,7.2508398656215,8.184357541899441,9.244395239413231,8.053691275167784,8.05921052631579,8.535895986433014,7.285513361462728,8.610188261351052,8.228211009174311,7.9621380846325165,7.600341588385994,8.138238573021182,8.934611048478015,7.605950042099355,10.237762237762238,8.449525934188511,10.32917139614075,7.144866385372714,9.864603481624759,8.810325476992144,8.741648106904233,6.906001644286105,7.384786229872294,8.90125173852573,8.757917928945194,8.766507445911772,8.647140864714087,7.892479267943953,8.701657458563536,7.3433512900482,9.90606319385141,8.623595505617978,8.146920740127037,8.117062396466041,7.740872906944826,8.166109253065775,9.010043041606886,7.536397373679702,8.35870467755328,7.315045719035744,8.454436664439585,1.0443498280145505,7.639680758310723,8.402747726384309,8.878520173142334
20,11.540436170450233,9.402901785714286,9.617547806524184,11.94276279581728,11.09229466553768,11.005851212036779,10.082191780821919,10.91164095371669,11.6976938038344,13.240611961057025,11.060820367751061,9.098544232922732,10.139664804469275,11.181843343481871,10.234899328859061,10.307017543859649,10.146975692481629,9.423347398030943,9.385382059800666,10.579128440366972,9.270601336302896,10.36151437517791,11.09253065774805,11.161217587373168,9.374122930115071,12.615384615384615,10.206358059118795,13.33711691259932,10.267229254571026,12.268582481348439,11.05499438832772,10.996659242761693,8.9065497396547,10.022209883398112,10.625869262865091,10.713302120627926,12.166338859230121,11.046025104602512,10.09436659994281,10.414364640883978,9.668273320102069,11.84173071448904,10.112359550561797,10.16293841480254,10.353395913859746,9.113368103211638,10.200668896321071,10.645624103299857,9.534684556094776,9.7979518405757,9.032973122748684,10.5402085313037,1.047731275600925,9.854016351281302,10.330206728859697,11.059363872895226
21,11.344003214357464,9.151785714285714,9.53318335208099,13.070996147495872,11.26164267569856,12.036779047088325,9.89041095890411,11.220196353436185,11.114198388441233,14.102920723226703,11.796322489391796,9.490481522956328,9.916201117318437,11.790755604760587,10.318791946308725,10.389254385964913,10.825325042396834,9.620253164556962,10.132890365448505,11.353211009174311,9.465478841870825,10.532308568175349,11.649944258639911,10.992108229988725,8.784731967443166,14.405594405594405,10.011154489682097,13.649262202043133,9.873417721518987,13.208068527217465,11.64421997755331,11.108017817371937,8.550287750068513,10.299833425874514,11.321279554937414,11.016248967226659,12.475414442259062,10.906555090655509,10.0657706605662,11.712707182320441,9.413098950949815,13.208084258468544,10.617977528089888,10.107705053852527,10.712313638873551,9.278067526763657,10.395763656633223,11.736011477761837,9.534684556094776,11.430943814004982,8.977556109725686,10.882004213223224,1.3741739360355132,9.89685849850769,10.768819340635194,11.64851318836826
22,11.77593249849327,9.849330357142858,9.926884139482564,13.291139240506327,11.205193338978267,12.677626079687935,10.63013698630137,11.837307152875175,11.808835787718811,14.297635605006953,12.871287128712872,10.050391937290033,10.726256983240223,11.763077774702463,11.15771812080537,10.910087719298247,10.5992085924251,10.40787623066104,10.437430786267996,12.643348623853212,9.966592427616927,11.357813834329633,11.956521739130435,11.358511837655016,9.59865282065675,14.097902097902098,10.736196319018406,14.103291713961408,10.29535864978903,13.567283780049738,11.616161616161616,11.859688195991092,9.016168813373527,11.021654636313158,12.43393602225313,10.961167722390526,12.391121101432987,11.408647140864714,10.723477266228196,11.43646408839779,9.583215197051318,12.46797608881298,11.235955056179774,10.770505385252694,11.568194367752623,10.019214932747737,10.702341137123746,12.59684361549498,10.333999429060805,12.06753390534182,9.531726239955667,11.357497795264942,1.255046143895926,10.477875237807272,11.22057419757902,12.039780863788973
23,12.239670528360008,9.877232142857142,10.123734533183352,13.043478260869565,11.543889359300028,11.953190303705767,10.767123287671234,11.669004207573632,11.753264795776605,16.82892906815021,12.277227722772277,10.386338185890258,10.893854748603351,11.65236645446997,11.465324384787472,11.156798245614036,10.31656302996043,10.351617440225034,10.575858250276855,12.213302752293579,10.077951002227172,11.557073726159977,10.981047937569677,11.61217587373168,9.177659275891104,12.41958041958042,11.182375906302287,12.883087400681045,10.548523206751055,11.522520033158331,10.914702581369248,12.026726057906458,9.454645108248835,11.21599111604664,11.7663421418637,10.988708344808593,10.73335206518685,11.548117154811715,10.980840720617673,11.32596685082873,9.89509498157074,11.471676629661259,11.01123595505618,10.825738746202706,11.430149088901159,10.046664836673072,11.315496098104793,12.022955523672882,10.619469026548673,10.711320232493772,9.891936824605153,11.220164440824247,1.1598314167538035,10.58676094434481,11.169587075958162,11.642318809285397
24,11.809973436907075,10.044642857142858,10.601799775028121,12.383048981838195,11.459215354219587,11.033714126497632,10.657534246575343,10.743338008415147,11.725479299805501,13.379694019471488,12.164073550212164,9.490481522956328,10.670391061452515,10.54525325214503,11.661073825503356,11.321271929824562,9.779536461277557,10.548523206751055,10.160575858250278,12.09862385321101,9.298440979955457,11.756333617990322,10.451505016722408,10.710259301014656,9.205725512208812,12.41958041958042,11.266034578918015,12.656072644721908,10.492264416315049,12.379110251450678,10.185185185185185,11.442093541202672,9.482049876678541,10.494169905607995,11.265646731571627,9.969705315340127,12.166338859230121,11.464435146443515,10.43751787246211,9.83425414364641,9.781684150836405,12.069456305152292,10.50561797752809,11.019055509527755,11.098840419657648,10.705462530881142,11.343366778149386,10.817790530846485,10.048529831572937,11.209521173539995,9.504017733444167,10.918966748959201,0.9636759268979092,10.248268357004417,10.726798654714901,11.463130198387534
25,12.270363177749504,10.072544642857142,10.236220472440944,13.236103467253715,12.672876093705899,11.34020618556701,11.013698630136986,11.725105189340814,11.503195332036677,16.022253129346314,11.966053748231966,9.826427771556551,10.53072625698324,11.375588153888735,11.017897091722595,11.430921052631579,10.570944036178632,10.520393811533053,10.520487264673312,11.353211009174311,9.437639198218264,11.187019641332196,10.813823857302118,11.499436302142051,9.62671905697446,13.062937062937063,10.708310094813163,13.166855845629966,10.942334739803094,11.854103343465045,11.363636363636363,11.6369710467706,9.564264181967662,10.938367573570238,12.127955493741307,11.842467639768659,11.407698791795449,11.659693165969315,10.551901629968546,11.795580110497237,10.20697476609016,12.012524907486478,11.179775280898877,11.23998895332781,11.485367200441745,10.458413395553116,11.482720178372352,11.190817790530847,10.333999429060805,10.766675892610019,9.559434746467165,11.240785220408032,1.1215747754491399,10.536020100229566,11.215403371929328,11.654012636169636
26,11.920466974709257,10.15625,10.658042744656917,13.401210787011559,12.475303415184872,11.786012816940653,11.47945205479452,11.781206171107995,12.69797165879411,16.4673157162726,12.673267326732674,10.246360582306831,11.536312849162012,11.65236645446997,12.080536912751679,12.280701754385964,10.090446579988695,11.336146272855133,11.10188261351052,12.471330275229358,9.938752783964365,12.240250498149729,10.897435897435898,11.104847801578353,10.159977547010946,13.818181818181818,10.931399888455102,13.677639046538026,11.364275668073136,11.743575573362808,11.335578002244668,12.24944320712695,10.057550013702384,11.104941699056079,12.43393602225313,10.93362709997246,11.042427648215792,12.07810320781032,10.809265084358021,10.856353591160222,10.575559965976751,12.78109877597495,11.573033707865168,11.737089201877934,11.319712865819989,11.611309360417238,11.900780379041247,11.076040172166428,10.505281187553525,10.711320232493772,9.947353837628151,11.577765175432429,1.180792400169757,10.86662416772914,11.421863861433827,12.200322101800216
27,12.305520212504744,10.658482142857142,11.304836895388076,13.09851403412218,11.854360711261643,11.730286988018946,11.726027397260275,11.304347826086957,12.642400666851902,15.549374130737133,12.022630834512023,10.330347144456887,11.787709497206704,11.597010794353722,12.164429530201343,12.5,9.977388355002827,11.223628691983123,10.243632336655592,12.127293577981652,10.050111358574611,12.012524907486478,11.761426978818283,12.175873731679818,10.019646365422396,14.573426573426573,11.21026213050753,13.677639046538026,11.279887482419127,12.76595744680851,11.363636363636363,11.971046770601337,10.359002466429159,11.826762909494725,11.48817802503477,10.52051776370146,12.503512222534418,12.440725244072524,10.609093508721761,11.049723756906078,10.915792458179755,12.126387702818105,10.814606741573034,11.460922397127865,11.34732192159028,11.693659072193247,12.068004459308806,11.793400286944046,10.505281187553525,11.65236645446997,9.975062344139651,11.637089232673008,1.1009100395599951,10.949275282861336,11.67301276333161,12.111791891940781
28,10.752472153396281,8.844866071428571,10.067491563554555,11.86020913593836,9.793959920970927,8.55391473948175,11.287671232876713,9.7054698457223,10.669630452903585,14.436717663421419,10.353606789250353,8.958566629339305,9.916201117318437,9.770274010517575,10.458612975391498,11.18421052631579,8.846806105144148,9.451476793248945,8.914728682170542,9.690366972477065,8.574610244988865,9.90606319385141,9.559643255295429,10.005636978579481,9.093460566937974,11.552447552447552,9.369771332961516,10.8683314415437,9.451476793248945,10.27908261950815,9.624017957351292,9.214922048997773,9.59166895039737,9.938922820655192,10.04172461752434,8.86808041861746,9.918516437201461,11.241283124128312,8.635973691735774,9.337016574585636,9.21462999716473,9.536009109023627,8.820224719101123,9.859154929577464,9.635560463832137,10.156464452374417,10.172798216276476,8.694404591104735,8.906651441621467,9.216717409355105,8.28484344693821,9.806697812487979,1.0562750322002885,9.123752924494664,9.6629637181546,10.134221230169452
29,11.7552847161767,10.016741071428571,10.883014623172103,14.199229499174463,11.402766017499294,12.148230704931736,10.547945205479452,11.949509116409537,11.89219227563212,16.356050069541027,13.125884016973128,10.890257558790593,11.508379888268157,11.707722114586216,12.360178970917227,11.924342105263158,10.344827586206897,10.745428973277074,10.631229235880399,11.553899082568806,10.606904231625835,11.84173071448904,11.510590858416945,12.091319052987599,9.682851529609879,14.48951048951049,10.345789180145008,14.018161180476731,10.717299578059073,13.235700469743023,12.177328843995511,11.692650334075724,9.67388325568649,11.493614658523041,11.849791376912378,9.887083448085928,11.68867659454903,11.994421199442119,10.923648841864456,10.911602209944752,9.951800396937907,11.984059208653571,10.89887640449438,11.378072355702844,11.678630590833794,11.419160032939885,11.845039018952063,11.908177905308465,11.104767342278048,12.122889565458069,10.27985591576614,11.591834298029363,1.2700427601393758,10.779825385750831,11.532244970492876,11.975421685592563
30,11.655952141788879,9.458705357142858,10.264341957255343,12.43808475509081,10.443127293254305,10.476455837280579,10.383561643835616,10.434782608695652,11.753264795776605,14.82614742698192,12.050919377652052,10.3023516237402,11.005586592178771,10.738998062551897,11.549217002237135,11.62280701754386,9.468626342566422,9.957805907172995,9.856035437430787,9.948394495412844,9.82739420935412,11.016225448334756,11.17614269788183,11.386696730552424,9.57058658433904,13.118881118881118,10.764082543223648,11.804767309875142,10.29535864978903,11.66067974578613,10.774410774410773,10.105790645879733,9.482049876678541,11.13270405330372,10.292072322670375,9.749380335995593,10.677156504636134,11.910739191073919,9.951386903059765,10.0,9.639920612418486,10.67463706233988,9.353932584269662,10.936205468102735,10.988404196576477,10.815262146582487,11.343366778149386,10.502152080344333,10.419640308307166,10.960420703016883,9.947353837628151,10.745140299145241,1.0195422042605948,9.968354430379746,10.588394571342107,11.165283036737302
31,11.437755307038104,9.598214285714286,10.179977502812148,12.43808475509081,10.725373976855773,9.111173028698802,10.41095890410959,10.042075736325385,11.586551819949985,12.183588317107093,11.881188118811881,9.742441209406495,10.921787709497206,10.102407971215056,11.045861297539151,11.430921052631579,9.157716223855287,9.817158931082982,9.523809523809524,10.235091743119266,8.908685968819599,10.788499857671505,9.866220735785953,11.13303269447576,9.879315183833848,12.447552447552447,10.764082543223648,12.741203178206584,10.379746835443038,11.964631113567284,10.578002244668912,9.85523385300668,9.290216497670595,11.021654636313158,10.208623087621698,10.410355274029193,11.491992132621522,11.464435146443515,9.207892479267944,9.972375690607734,9.498157074000567,11.101622544833475,9.52247191011236,10.577188621927643,10.463832136940916,10.705462530881142,11.064659977703457,9.670014347202295,9.791607193833856,10.240797121505674,9.337766694375173,10.48963427723559,0.9520249889316569,9.797995128146137,10.395051054736115,11.05996030766238
32,11.621353155204357,9.486607142857142,10.376827896512935,13.786461199779856,11.79791137454135,10.532181666202286,10.438356164383562,11.640953716690042,11.669908307863295,16.189151599443672,12.701555869872703,9.938409854423293,10.949720670391061,10.93274287295876,11.884787472035795,11.321271929824562,10.373092142453363,9.957805907172995,10.04983388704319,11.525229357798166,9.493318485523385,10.617705664674068,10.56298773690078,10.879368658399098,9.009261857984844,11.972027972027972,10.68042387060792,13.08172531214529,9.817158931082982,11.57778391820945,10.914702581369248,11.497772828507795,8.796930665935873,11.27151582454192,12.016689847009737,10.630680253373727,10.368080921607193,11.659693165969315,9.522447812410638,11.049723756906078,9.271335412531895,11.016225448334756,10.926966292134832,10.991438829052749,10.712313638873551,11.144660993686523,11.064659977703457,11.248206599713056,9.991435912075364,10.517575422086908,9.310058187863675,10.943353716229842,1.2548175808414264,10.369333726818736,10.92083443675204,11.518365225475574
33,11.57670930154691,8.900669642857142,9.870641169853767,12.217941662080351,10.838272650296359,9.361939258846476,10.136986301369863,10.26647966339411,10.502917477076966,12.211404728789987,11.824611032531825,9.29451287793953,9.525139664804469,9.548851370052589,10.40268456375839,10.389254385964913,9.440361786319954,9.170182841068918,9.44075304540421,9.547018348623853,8.93652561247216,9.991460290350128,9.643255295429208,10.428410372040586,8.925063149031715,10.62937062937063,9.983268265476855,11.889897843359819,9.479606188466947,10.693561757391544,9.708193041526375,9.047884187082406,8.714716360646753,10.410882842865075,10.653685674547983,10.52051776370146,10.873840966563641,11.185495118549511,9.036316843008292,9.640883977900552,8.902750212645309,10.816965556504412,9.662921348314606,10.494338580502625,10.160132523467698,10.376063683777106,10.395763656633223,9.469153515064562,9.648872395089922,9.964018820924439,8.700471044610696,10.037498199766999,0.8714201185258803,9.447853162819298,9.973643543200648,10.500772752933381
34,11.613540480814304,10.212053571428571,10.742407199100112,13.48376444689048,10.9229466553768,10.114237949289496,10.95890410958904,11.4726507713885,11.864406779661017,16.050069541029206,12.701555869872703,10.274356103023516,11.28491620111732,10.351508441738169,12.527964205816556,12.417763157894738,10.175240248728095,10.68917018284107,10.93576965669989,11.123853211009175,10.105790645879733,11.443210930828352,9.698996655518394,11.583990980834272,9.710917765927588,11.636363636363637,11.21026213050753,11.889897843359819,10.68917018284107,10.748825642442664,10.353535353535353,10.801781737193764,9.67388325568649,11.882287617990006,11.655076495132127,10.27265216193886,10.143298679404326,12.022315202231521,10.151558478696025,10.386740331491714,9.781684150836405,11.073156846000568,10.393258426966293,11.267605633802818,11.374930977360574,11.30936041723854,11.845039018952063,10.3012912482066,10.362546388809593,10.60060891226128,10.085896370185647,11.05518944841836,1.1132195357314032,10.281089889319286,10.86236419628528,11.55615592847283
35,11.627491685082255,9.849330357142858,10.404949381327334,12.82333516785911,10.640699971775332,10.922262468654221,10.356164383561643,11.079943899018232,11.53098082800778,15.048678720445064,12.164073550212164,9.994400895856662,11.11731843575419,10.60060891226128,11.828859060402683,11.348684210526317,9.638213680045224,9.957805907172995,9.246954595791806,11.410550458715596,9.270601336302896,10.873896954170224,10.758082497212932,10.96392333709132,9.233791748526523,12.671328671328672,10.90351366424986,13.08172531214529,9.817158931082982,12.655429676706273,10.74635241301908,11.219376391982184,9.235406960811181,10.993892282065518,11.265646731571627,9.969705315340127,11.463894352346164,11.380753138075313,9.293680297397769,10.276243093922652,9.611567904734903,10.333048676345005,10.393258426966293,10.494338580502625,10.739922694643843,10.56821301125446,11.315496098104793,11.133428981348636,9.962888952326578,11.01577636313313,9.088390135771682,10.81389095630022,1.1405761927374651,9.97587921046926,10.752217455116007,11.303033756471502
36,11.657626286301033,9.291294642857142,10.067491563554555,12.025316455696203,10.753598645215918,9.863471719141822,10.054794520547945,10.462833099579242,11.00305640455682,14.631432545201669,11.456859971711458,9.938409854423293,9.888268156424582,9.991696650982563,10.794183445190157,11.266447368421053,9.01639344262295,9.732770745428972,9.274640088593578,9.977064220183486,9.465478841870825,10.276117278679193,10.340022296544035,11.217587373167982,10.019646365422396,11.020979020979022,10.122699386503067,11.435868331441544,10.042194092827005,9.975131251726996,9.876543209876543,10.077951002227172,9.235406960811181,10.327595780122154,10.653685674547983,10.079867805012393,9.665636414723238,11.352859135285913,9.779811266800115,9.88950276243094,9.469804366316984,9.109023626530032,9.382022471910112,10.577188621927643,10.40861402540033,10.678012626955805,10.618729096989966,10.416068866571019,10.191264630316871,9.355106559645723,9.476309226932669,10.280535038216605,0.9236546771198337,9.800726379885543,10.072721282890864,10.644946530158478
37,11.636978503984464,9.793526785714286,10.62992125984252,13.428728673637865,10.38667795653401,9.111173028698802,10.63013698630137,10.855539971949508,12.086690747429842,12.628650904033378,12.220650636492222,9.910414333706608,10.58659217877095,10.296152781621922,11.856823266219239,11.842105263157894,9.355568117580553,10.09845288326301,9.717607973421927,10.722477064220183,9.688195991091314,10.788499857671505,9.949832775919733,11.189402480270575,9.79511647488072,11.916083916083917,10.931399888455102,13.649262202043133,10.576652601969059,11.688311688311687,10.830527497194165,10.077951002227172,9.646478487256783,11.3270405330372,11.154381084840056,10.02478656017626,12.278729980331555,11.687587168758718,9.436659994280811,9.806629834254144,9.75333144315282,10.67463706233988,9.550561797752808,10.7981220657277,10.684704583103258,11.281910513313203,11.2876254180602,9.956958393113343,9.84870111333143,10.766675892610019,9.39318370739817,10.73195665643105,1.046007404383018,9.864129418425225,10.652387024320625,11.286196691873451
38,11.656510189959597,10.072544642857142,10.995500562429697,13.511282333516785,10.358453288173862,9.166898857620508,10.95890410958904,10.659186535764375,11.558766323978883,12.573018080667595,12.333804809052335,10.022396416573349,10.949720670391061,10.130085801273179,11.437360178970918,11.842105263157894,9.892594686263426,10.520393811533053,9.689922480620156,10.579128440366972,9.57683741648107,11.101622544833475,10.005574136008919,11.104847801578353,10.188043783328656,11.972027972027972,10.56887897378695,13.62088535754824,10.520393811533053,12.24095053882288,10.85858585858586,10.46770601336303,9.975335708413263,11.077179344808439,11.043115438108483,9.914624070503994,11.99775217757797,11.994421199442119,9.522447812410638,9.972375690607734,10.036858519988659,10.816965556504412,9.606741573033707,10.96382214857774,10.82274986195472,10.925061762283832,11.538461538461538,9.870875179340029,9.905795032829005,10.822031552726266,9.808811305070657,10.801876939466839,0.9897981566816187,10.009779706150027,10.738076046134394,11.104041487392134
39,11.638652648496619,9.988839285714286,10.179977502812148,14.254265272427077,10.838272650296359,10.002786291446085,10.657534246575343,11.360448807854137,11.475409836065573,15.99443671766342,12.362093352192362,9.966405375139978,11.145251396648044,10.628286742319402,12.192393736017896,11.869517543859649,9.977388355002827,10.29535864978903,10.271317829457365,11.582568807339449,10.077951002227172,11.101622544833475,10.089186176142698,11.302142051860203,10.047712601740107,11.412587412587413,10.931399888455102,12.202043132803633,10.520393811533053,10.500138159712629,10.6341189674523,10.356347438752785,9.701288024116197,11.38256524153248,11.710709318497914,9.749380335995593,10.536667603259342,11.269177126917713,9.951386903059765,10.303867403314918,9.724978735469238,10.219185881013379,10.617977528089888,11.046672190002761,10.877967973495306,10.979961570134504,11.426978818283166,10.616929698708752,10.219811590065659,10.84970938278439,9.836519811582157,10.904798614460882,1.1227327971877092,10.189779597362456,10.631202854885851,11.345872118855654
40,11.6503716600817,9.514508928571429,9.955005624296962,12.493120528343423,11.00762066045724,9.278350515463918,10.21917808219178,10.855539971949508,10.55848846901917,12.294853963838664,11.032531824611032,9.098544232922732,10.0,10.351508441738169,11.185682326621924,10.74561403508772,9.525155455059355,9.282700421940929,9.579180509413067,9.891055045871559,8.992204899777283,10.276117278679193,10.28428093645485,10.738444193912063,9.710917765927588,12.167832167832168,10.736196319018406,12.372304199772985,10.126582278481013,11.49488809063277,10.886644219977553,9.938752783964365,8.98876404494382,10.410882842865075,10.848400556328233,10.768383365464059,11.491992132621522,10.683403068340306,9.350872176150988,10.46961325966851,9.21462999716473,10.532308568175349,9.775280898876403,10.273405136702568,10.049696300386527,10.321163875926434,10.535117056856187,9.497847919655667,9.67741935483871,10.406864101854413,8.922139096702688,10.33623975850702,0.8833711792747405,9.68579395761093,10.302722406190643,10.762691032869974
41,11.653719949106007,9.430803571428571,9.730033745781776,12.217941662080351,10.9229466553768,9.250487601003064,9.863013698630137,10.659186535764375,10.391775493192554,14.687065368567453,11.570014144271571,9.826427771556551,9.776536312849162,10.019374481040687,10.794183445190157,10.334429824561402,9.836065573770492,9.198312236286919,9.634551495016613,9.661697247706421,9.075723830734967,9.962994591517221,10.172798216276476,10.710259301014656,9.54252034802133,11.048951048951048,10.011154489682097,11.464245175936435,9.395218002812939,10.914617297596022,10.1010101010101,9.38195991091314,8.632502055357632,9.938922820655192,11.070931849791377,10.162489672266593,10.311885361056476,10.683403068340306,9.236488418644552,10.69060773480663,9.21462999716473,9.536009109023627,10.084269662921349,9.886771610052472,10.18774157923799,9.470216854241011,10.535117056856187,9.870875179340029,9.76306023408507,9.49349570993634,8.922139096702688,10.145557124980435,0.9742203558740604,9.537636918773053,9.950958706086206,10.628169166037328
42,11.653161900935288,9.821428571428571,10.854893138357705,12.575674188222344,10.189105278012983,9.52911674561159,10.767123287671234,10.855539971949508,11.225340372325645,13.518776077885953,11.73974540311174,9.798432250839866,11.11731843575419,9.88098533075007,11.409395973154362,11.403508771929824,9.779536461277557,9.845288326300984,9.579180509413067,11.009174311926607,9.298440979955457,10.930828351836038,9.615384615384617,10.710259301014656,10.159977547010946,11.048951048951048,10.736196319018406,12.3155505107832,10.267229254571026,11.163304780326056,10.32547699214366,10.606904231625835,9.317621266100302,11.188228761799,11.237830319888735,9.887083448085928,11.154818769317224,11.882845188284518,9.322276236774378,9.613259668508286,9.384746243266232,10.276117278679193,10.252808988764045,11.129522231427783,10.519050248481502,10.897611858358495,11.17614269788183,9.956958393113343,9.506137596345988,10.517575422086908,9.17151565530618,10.569404352220293,0.9203351044200304,9.827393510146674,10.56297724005367,11.148494634844864
43,11.654277997276726,9.765625,10.236220472440944,12.740781507980186,9.765735252610781,9.19476177208136,10.027397260273972,10.070126227208977,10.8085579327591,12.406119610570236,11.994342291371995,9.630459126539753,10.307262569832403,10.240797121505674,11.045861297539151,10.882675438596491,9.327303561334087,9.648382559774966,9.191583610188262,10.550458715596331,9.047884187082406,10.333048676345005,9.169453734671126,11.076662908680946,9.59865282065675,11.104895104895105,10.540992749581706,12.457434733257662,9.90154711673699,11.384360320530533,10.802469135802468,10.022271714922049,9.15319265552206,10.549694614103275,10.208623087621698,9.914624070503994,11.772969935375105,11.07391910739191,9.007720903631684,9.558011049723756,9.583215197051318,10.389980074010817,9.297752808988765,10.35625517812759,10.381004969630037,10.129014548449081,10.535117056856187,9.985652797704446,9.962888952326578,10.711320232493772,9.17151565530618,10.300331948523713,0.9060126925436671,9.634939984848556,10.222421780031322,10.779681909975295
44,11.654277997276726,9.486607142857142,10.29246344206974,13.070996147495872,11.00762066045724,9.696294232376706,10.32876712328767,10.659186535764375,10.8085579327591,14.575799721835883,11.852899575671854,9.266517357222845,10.307262569832403,10.102407971215056,10.542505592841163,10.718201754385964,9.609949123798756,9.338959212376933,9.330011074197122,10.235091743119266,8.797327394209354,10.105323085681754,10.451505016722408,10.822998872604284,9.486387875385912,11.524475524475525,10.290016731734523,11.833144154370034,9.817158931082982,11.135672837800497,9.820426487093153,9.771714922048998,9.016168813373527,10.855080510827317,11.015299026425591,10.492977141283392,11.520089912896882,11.324965132496514,9.408064054904203,10.303867403314918,9.07286645874681,11.130088243666382,10.140449438202246,10.52195526097763,10.022087244616234,10.815262146582487,10.507246376811594,10.329985652797705,9.820154153582642,11.043454193191254,8.672762538099196,10.42198148899142,1.0468751178210327,9.783075924307495,10.318014846560036,10.847060101271559
45,11.657068238130314,9.598214285714286,10.32058492688414,12.658227848101266,10.668924640135478,10.197826692672054,10.383561643835616,10.715287517531555,11.336482356210057,14.659248956884563,12.164073550212164,9.630459126539753,10.977653631284916,10.572931082203155,11.325503355704699,10.9375,10.005652911249294,9.507735583684951,9.994462901439645,10.435779816513762,9.187082405345212,10.475377170509537,11.09253065774805,10.851183765501691,9.093460566937974,12.307692307692308,10.68042387060792,11.975028376844495,10.09845288326301,12.130422768720642,10.353535353535353,10.300668151447661,8.98876404494382,11.16046640755136,11.349095966620306,10.795923987882126,10.930036527114357,11.352859135285913,9.150700600514728,11.077348066298342,9.299688120215482,11.158553942499289,10.252808988764045,10.825738746202706,10.546659304251795,10.760362338731815,10.925306577480491,10.616929698708752,10.048529831572937,10.905065042900636,9.254641174840676,10.680708952146695,1.0254245725433495,10.12329633561527,10.674674255371698,11.088735009885623
46,11.657068238130314,9.765625,10.433070866141732,12.355531095211887,10.104431272932542,9.640568403455001,10.21917808219178,10.350631136044882,11.364267852181161,15.13212795549374,11.654879773691656,9.602463605823068,10.754189944134078,10.766675892610019,11.465324384787472,11.293859649122808,9.723007348784623,9.817158931082982,9.579180509413067,10.579128440366972,9.60467706013363,10.845431255337319,10.618729096989966,11.048478015783541,9.879315183833848,11.776223776223777,11.377579475738985,11.464245175936435,9.90154711673699,10.693561757391544,10.886644219977553,10.690423162583519,8.851740202795286,10.716268739589117,11.070931849791377,10.52051776370146,9.721831975273954,11.436541143654114,9.293680297397769,10.939226519337018,9.526509781684151,9.59294050668944,9.662921348314606,10.687655343827672,10.739922694643843,10.760362338731815,10.925306577480491,10.215208034433285,10.077076791321725,10.406864101854413,9.476309226932669,10.560199413551816,0.9963986106053176,9.778508482770746,10.59892876867847,10.935746533872885
47,11.657068238130314,9.514508928571429,9.476940382452193,13.593835993395706,10.38667795653401,10.58790749512399,9.753424657534246,10.91164095371669,11.280911364267853,13.296244784422809,12.050919377652052,9.546472564389697,10.698324022346368,11.126487683365625,10.794183445190157,10.74561403508772,9.723007348784623,9.254571026722926,9.828349944629014,10.980504587155963,9.465478841870825,10.44691147167663,10.172798216276476,11.076662908680946,8.476003367948358,12.867132867132867,10.317902955939767,14.103291713961408,9.70464135021097,12.489638021552915,11.64421997755331,11.1358574610245,8.659906823787338,10.272071071626874,10.959666203059806,10.217570917102726,11.885361056476539,10.711297071129707,9.293680297397769,10.74585635359116,8.931102920328891,10.959294050668944,10.224719101123595,9.997238331952499,10.353395913859746,10.595662915179798,10.479375696767,11.047345767575322,10.048529831572937,11.154165513423747,8.86672208367969,10.617080552509522,1.2052959417581828,9.77215597930794,10.533641595945495,11.06933362340454
48,11.657068238130314,9.375,9.730033745781776,14.034122179416622,10.640699971775332,10.002786291446085,9.753424657534246,10.687237026647967,11.669908307863295,15.716272600834492,12.560113154172562,9.546472564389697,10.726256983240223,11.181843343481871,11.129753914988815,10.718201754385964,10.005652911249294,9.620253164556962,10.382059800664452,10.636467889908257,9.326280623608017,10.475377170509537,10.005574136008919,11.217587373167982,8.476003367948358,12.923076923076923,10.206358059118795,12.031782065834278,9.198312236286919,11.356728378004973,11.139169472502806,10.579064587973273,8.303644834201151,10.577456968350916,11.599443671766343,10.630680253373727,10.677156504636134,10.906555090655509,9.579639691163855,11.215469613259668,9.016161043379643,11.500142328494164,10.308988764044944,9.969621651477492,10.353395913859746,10.65056272303047,10.479375696767,10.645624103299857,10.248358549814444,10.54525325214503,8.977556109725686,10.62473922839649,1.2867782772762701,9.97791281146964,10.578260778162093,11.136815583124308
49,11.657068238130314,9.207589285714286,9.67379077615298,11.337369290038525,10.30200395145357,9.139035943159653,9.808219178082192,10.098176718092567,10.308419005279244,14.82614742698192,10.919377652050919,8.846584546472565,9.776536312849162,9.49349570993634,10.290827740492169,10.581140350877192,9.468626342566422,9.0014064697609,8.970099667774086,10.034403669724771,8.518930957683741,9.934528892684314,9.503901895206242,10.456595264937993,9.289924221161943,9.538461538461538,9.788064696040157,10.272417707150964,9.648382559774966,9.17380491848577,9.25925925925926,9.632516703786191,8.933954508084406,9.966685174902832,10.34770514603616,9.997245937758194,9.497049733071087,10.683403068340306,8.807549327995424,9.41988950276243,9.186277289481145,8.738969541702248,9.49438202247191,9.969621651477492,9.828823854224185,9.415317046390339,10.451505016722408,9.239598278335723,9.42049671709963,9.382784389703847,9.11609864228318,9.77994791001871,0.9420904197318484,9.244513523566606,9.585489121123864,10.082233456000619
50,11.657068238130314,10.016741071428571,10.826771653543307,13.263621353880023,10.330228619813717,9.166898857620508,10.767123287671234,10.743338008415147,11.308696860238955,14.631432545201669,11.654879773691656,9.826427771556551,10.837988826815643,10.102407971215056,11.409395973154362,11.842105263157894,9.242509892594686,10.379746835443038,9.634551495016613,10.95183486238532,9.521158129175946,11.130088243666382,9.894091415830546,11.33032694475761,10.019646365422396,11.076923076923077,10.987172336865589,11.52099886492622,10.126582278481013,10.472506217187068,10.185185185185185,10.077951002227172,9.619073718827076,11.16046640755136,11.126564673157164,9.832002203249793,10.705254284911492,11.799163179916318,9.808407206176723,9.94475138121547,9.810036858519988,9.962994591517221,9.803370786516854,10.88097210715272,10.960795140806184,11.199560801537196,11.538461538461538,10.100430416068866,10.333999429060805,10.379186271796291,9.504017733444167,10.634976794267587,0.98532120930249,9.949312183790909,10.426126526315052,11.129207351039078
