Point,SCORE
1,0.9506072874493927
1,0.9505672609400324
1,0.9521880064829822
1,0.960291734197731
1,0.9440842787682334
6,0.9651821862348178
6,0.9611021069692058
6,0.9586709886547812
6,0.9667747163695299
6,0.9627228525121556
11,0.9619433198380567
11,0.9619124797406807
11,0.9554294975688817
11,0.9716369529983793
11,0.9635332252836305
16,0.9619433198380567
16,0.9651539708265803
16,0.9562398703403565
16,0.9700162074554295
16,0.9635332252836305
21,0.9635627530364372
21,0.965964343598055
21,0.9562398703403565
21,0.9708265802269044
21,0.9627228525121556
26,0.962753036437247
26,0.965964343598055
26,0.9562398703403565
26,0.9708265802269044
26,0.9619124797406807
31,0.9643724696356275
31,0.9627228525121556
31,0.9562398703403565
31,0.9716369529983793
31,0.9611021069692058
36,0.9643724696356275
36,0.9619124797406807
36,0.9578606158833063
36,0.9716369529983793
36,0.9627228525121556
41,0.9651821862348178
41,0.9627228525121556
41,0.9594813614262561
41,0.9692058346839546
41,0.9627228525121556
46,0.9651821862348178
46,0.9643435980551054
46,0.9594813614262561
46,0.9700162074554295
46,0.9627228525121556
51,0.9643724696356275
51,0.9651539708265803
51,0.9594813614262561
51,0.9708265802269044
51,0.9643435980551054
56,0.9643724696356275
56,0.9651539708265803
56,0.9578606158833063
56,0.9708265802269044
56,0.9627228525121556
61,0.9643724696356275
61,0.9651539708265803
61,0.9586709886547812
61,0.9700162074554295
61,0.9627228525121556
66,0.962753036437247
66,0.965964343598055
66,0.9586709886547812
66,0.9700162074554295
66,0.9635332252836305
71,0.9635627530364372
71,0.9643435980551054
71,0.960291734197731
71,0.9708265802269044
71,0.9635332252836305
76,0.9635627530364372
76,0.9635332252836305
76,0.9578606158833063
76,0.9708265802269044
76,0.9619124797406807
81,0.9643724696356275
81,0.9627228525121556
81,0.9586709886547812
81,0.9700162074554295
81,0.9635332252836305
86,0.9651821862348178
86,0.9643435980551054
86,0.9570502431118314
86,0.9708265802269044
86,0.9643435980551054
91,0.9643724696356275
91,0.9643435980551054
91,0.9570502431118314
91,0.9700162074554295
91,0.9643435980551054
96,0.965991902834008
96,0.9635332252836305
96,0.9578606158833063
96,0.9700162074554295
96,0.9651539708265803
101,0.9668016194331984
101,0.9619124797406807
101,0.9586709886547812
101,0.9683954619124797
101,0.9651539708265803
106,0.968421052631579
106,0.9619124797406807
106,0.9586709886547812
106,0.9692058346839546
106,0.9651539708265803
111,0.9676113360323887
111,0.9627228525121556
111,0.9578606158833063
111,0.9692058346839546
111,0.9651539708265803
116,0.9676113360323887
116,0.9627228525121556
116,0.9586709886547812
116,0.9700162074554295
116,0.965964343598055
121,0.9668016194331984
121,0.9627228525121556
121,0.9586709886547812
121,0.9700162074554295
121,0.9667747163695299
126,0.9651821862348178
126,0.9619124797406807
126,0.9594813614262561
126,0.9700162074554295
126,0.965964343598055
131,0.9635627530364372
131,0.9619124797406807
131,0.960291734197731
131,0.9692058346839546
131,0.9643435980551054
136,0.9635627530364372
136,0.9627228525121556
136,0.960291734197731
136,0.9692058346839546
136,0.9651539708265803
141,0.9643724696356275
141,0.9627228525121556
141,0.960291734197731
141,0.9692058346839546
141,0.9651539708265803
146,0.9651821862348178
146,0.9627228525121556
146,0.9594813614262561
146,0.9692058346839546
146,0.9651539708265803
151,0.965991902834008
151,0.9627228525121556
151,0.960291734197731
151,0.9692058346839546
151,0.9635332252836305
156,0.9651821862348178
156,0.9627228525121556
156,0.9586709886547812
156,0.9692058346839546
156,0.9643435980551054
161,0.9643724696356275
161,0.9651539708265803
161,0.9586709886547812
161,0.9716369529983793
161,0.9635332252836305
166,0.9651821862348178
166,0.9643435980551054
166,0.9586709886547812
166,0.9716369529983793
166,0.9643435980551054
171,0.965991902834008
171,0.9643435980551054
171,0.960291734197731
171,0.9708265802269044
171,0.9643435980551054
176,0.9643724696356275
176,0.9651539708265803
176,0.9594813614262561
176,0.9716369529983793
176,0.9643435980551054
181,0.9651821862348178
181,0.9635332252836305
181,0.9594813614262561
181,0.9708265802269044
181,0.9643435980551054
186,0.9651821862348178
186,0.9643435980551054
186,0.960291734197731
186,0.9716369529983793
186,0.9635332252836305
191,0.9651821862348178
191,0.9643435980551054
191,0.960291734197731
191,0.9708265802269044
191,0.9635332252836305
196,0.965991902834008
196,0.9643435980551054
196,0.9586709886547812
196,0.9708265802269044
196,0.9627228525121556
201,0.965991902834008
201,0.9651539708265803
201,0.9586709886547812
201,0.9708265802269044
201,0.9635332252836305
206,0.965991902834008
206,0.9651539708265803
206,0.9586709886547812
206,0.9716369529983793
206,0.9635332252836305
211,0.9668016194331984
211,0.9651539708265803
211,0.9586709886547812
211,0.9708265802269044
211,0.9635332252836305
216,0.968421052631579
216,0.9651539708265803
216,0.9586709886547812
216,0.9708265802269044
216,0.9643435980551054
221,0.9668016194331984
221,0.9651539708265803
221,0.9586709886547812
221,0.9708265802269044
221,0.9643435980551054
226,0.9676113360323887
226,0.9651539708265803
226,0.9586709886547812
226,0.9716369529983793
226,0.9643435980551054
231,0.9676113360323887
231,0.9651539708265803
231,0.9586709886547812
231,0.9708265802269044
231,0.9651539708265803
236,0.965991902834008
236,0.9651539708265803
236,0.9586709886547812
236,0.9708265802269044
236,0.9643435980551054
241,0.9676113360323887
241,0.9651539708265803
241,0.9586709886547812
241,0.9708265802269044
241,0.9651539708265803
246,0.9676113360323887
246,0.9643435980551054
246,0.9586709886547812
246,0.9708265802269044
246,0.9651539708265803
251,0.9676113360323887
251,0.9651539708265803
251,0.9578606158833063
251,0.9708265802269044
251,0.9651539708265803
256,0.9676113360323887
256,0.9643435980551054
256,0.9578606158833063
256,0.9716369529983793
256,0.9651539708265803
261,0.9676113360323887
261,0.9643435980551054
261,0.9586709886547812
261,0.9708265802269044
261,0.9651539708265803
266,0.9668016194331984
266,0.9643435980551054
266,0.9586709886547812
266,0.9716369529983793
266,0.9651539708265803
271,0.9668016194331984
271,0.9643435980551054
271,0.9586709886547812
271,0.9708265802269044
271,0.9651539708265803
276,0.9676113360323887
276,0.9643435980551054
276,0.9594813614262561
276,0.9700162074554295
276,0.9651539708265803
281,0.968421052631579
281,0.9643435980551054
281,0.9594813614262561
281,0.9700162074554295
281,0.9651539708265803
286,0.968421052631579
286,0.9643435980551054
286,0.9594813614262561
286,0.9700162074554295
286,0.9651539708265803
291,0.968421052631579
291,0.9643435980551054
291,0.9594813614262561
291,0.9700162074554295
291,0.9651539708265803
296,0.9676113360323887
296,0.9643435980551054
296,0.9594813614262561
296,0.9716369529983793
296,0.9651539708265803
301,0.9668016194331984
301,0.9651539708265803
301,0.9594813614262561
301,0.9724473257698542
301,0.9651539708265803
306,0.9668016194331984
306,0.9651539708265803
306,0.9586709886547812
306,0.9724473257698542
306,0.9651539708265803
311,0.9668016194331984
311,0.9651539708265803
311,0.9586709886547812
311,0.9724473257698542
311,0.9643435980551054
316,0.9668016194331984
316,0.9651539708265803
316,0.9586709886547812
316,0.9724473257698542
316,0.9643435980551054
321,0.9668016194331984
321,0.9643435980551054
321,0.9586709886547812
321,0.9724473257698542
321,0.9643435980551054
326,0.9668016194331984
326,0.9643435980551054
326,0.9594813614262561
326,0.9724473257698542
326,0.9643435980551054
331,0.9668016194331984
331,0.9651539708265803
331,0.9586709886547812
331,0.9724473257698542
331,0.9651539708265803
336,0.9668016194331984
336,0.965964343598055
336,0.9586709886547812
336,0.9724473257698542
336,0.9651539708265803
341,0.9668016194331984
341,0.9651539708265803
341,0.9578606158833063
341,0.9724473257698542
341,0.9651539708265803
346,0.9668016194331984
346,0.9651539708265803
346,0.9586709886547812
346,0.9724473257698542
346,0.9651539708265803
351,0.9668016194331984
351,0.9651539708265803
351,0.9586709886547812
351,0.9724473257698542
351,0.9651539708265803
356,0.9668016194331984
356,0.9651539708265803
356,0.9586709886547812
356,0.9716369529983793
356,0.9643435980551054
361,0.9668016194331984
361,0.9651539708265803
361,0.9586709886547812
361,0.9716369529983793
361,0.9651539708265803
366,0.965991902834008
366,0.9651539708265803
366,0.9586709886547812
366,0.9708265802269044
366,0.9651539708265803
371,0.965991902834008
371,0.9651539708265803
371,0.9586709886547812
371,0.9708265802269044
371,0.9643435980551054
376,0.965991902834008
376,0.9651539708265803
376,0.9578606158833063
376,0.9708265802269044
376,0.9643435980551054
381,0.965991902834008
381,0.9651539708265803
381,0.9578606158833063
381,0.9708265802269044
381,0.9643435980551054
386,0.965991902834008
386,0.9651539708265803
386,0.9562398703403565
386,0.9708265802269044
386,0.9651539708265803
391,0.965991902834008
391,0.9651539708265803
391,0.9570502431118314
391,0.9708265802269044
391,0.9643435980551054
396,0.965991902834008
396,0.9651539708265803
396,0.9570502431118314
396,0.9708265802269044
396,0.9651539708265803
401,0.9643724696356275
401,0.9651539708265803
401,0.9570502431118314
401,0.9716369529983793
401,0.9643435980551054
406,0.9651821862348178
406,0.9643435980551054
406,0.9578606158833063
406,0.9716369529983793
406,0.9651539708265803
411,0.9643724696356275
411,0.9651539708265803
411,0.9578606158833063
411,0.9716369529983793
411,0.9643435980551054
416,0.9643724696356275
416,0.9651539708265803
416,0.9578606158833063
416,0.9708265802269044
416,0.9643435980551054
421,0.9635627530364372
421,0.9643435980551054
421,0.9578606158833063
421,0.9716369529983793
421,0.9651539708265803
426,0.9635627530364372
426,0.9643435980551054
426,0.9578606158833063
426,0.9708265802269044
426,0.9643435980551054
431,0.962753036437247
431,0.9635332252836305
431,0.9570502431118314
431,0.9716369529983793
431,0.9635332252836305
436,0.9635627530364372
436,0.9643435980551054
436,0.9570502431118314
436,0.9700162074554295
436,0.9627228525121556
441,0.9635627530364372
441,0.9635332252836305
441,0.9570502431118314
441,0.9700162074554295
441,0.9619124797406807
446,0.962753036437247
446,0.9635332252836305
446,0.9562398703403565
446,0.9700162074554295
446,0.9627228525121556
451,0.962753036437247
451,0.9635332252836305
451,0.9562398703403565
451,0.9700162074554295
451,0.9635332252836305
456,0.962753036437247
456,0.9635332252836305
456,0.9562398703403565
456,0.9700162074554295
456,0.9619124797406807
461,0.962753036437247
461,0.9635332252836305
461,0.9562398703403565
461,0.9700162074554295
461,0.9611021069692058
466,0.962753036437247
466,0.9635332252836305
466,0.9554294975688817
466,0.9700162074554295
466,0.9627228525121556
471,0.962753036437247
471,0.9643435980551054
471,0.9562398703403565
471,0.9700162074554295
471,0.9627228525121556
476,0.962753036437247
476,0.9627228525121556
476,0.9562398703403565
476,0.9700162074554295
476,0.9627228525121556
481,0.962753036437247
481,0.9635332252836305
481,0.9546191247974068
481,0.9692058346839546
481,0.9627228525121556
486,0.9635627530364372
486,0.9627228525121556
486,0.953808752025932
486,0.9692058346839546
486,0.9627228525121556
491,0.9635627530364372
491,0.9619124797406807
491,0.953808752025932
491,0.9692058346839546
491,0.9627228525121556
496,0.9635627530364372
496,0.9619124797406807
496,0.953808752025932
496,0.9692058346839546
496,0.9635332252836305
501,0.962753036437247
501,0.9619124797406807
501,0.953808752025932
501,0.9692058346839546
501,0.9635332252836305
506,0.9635627530364372
506,0.9619124797406807
506,0.953808752025932
506,0.9692058346839546
506,0.9635332252836305
511,0.9635627530364372
511,0.9627228525121556
511,0.9546191247974068
511,0.9692058346839546
511,0.9627228525121556
516,0.9635627530364372
516,0.9611021069692058
516,0.953808752025932
516,0.9692058346839546
516,0.9627228525121556
521,0.9635627530364372
521,0.9611021069692058
521,0.953808752025932
521,0.9692058346839546
521,0.9627228525121556
526,0.962753036437247
526,0.9611021069692058
526,0.953808752025932
526,0.9692058346839546
526,0.9635332252836305
531,0.9635627530364372
531,0.9611021069692058
531,0.953808752025932
531,0.9692058346839546
531,0.9627228525121556
536,0.9635627530364372
536,0.9611021069692058
536,0.953808752025932
536,0.9692058346839546
536,0.9627228525121556
541,0.9635627530364372
541,0.9611021069692058
541,0.953808752025932
541,0.9692058346839546
541,0.9627228525121556
546,0.9635627530364372
546,0.9611021069692058
546,0.953808752025932
546,0.9692058346839546
546,0.9619124797406807
551,0.9635627530364372
551,0.9611021069692058
551,0.953808752025932
551,0.9692058346839546
551,0.9619124797406807
556,0.9643724696356275
556,0.9619124797406807
556,0.953808752025932
556,0.9692058346839546
556,0.9627228525121556
561,0.9643724696356275
561,0.9619124797406807
561,0.953808752025932
561,0.9683954619124797
561,0.9627228525121556
566,0.9643724696356275
566,0.9619124797406807
566,0.9546191247974068
566,0.9683954619124797
566,0.9619124797406807
571,0.9643724696356275
571,0.9619124797406807
571,0.953808752025932
571,0.9683954619124797
571,0.9619124797406807
576,0.9643724696356275
576,0.9619124797406807
576,0.9546191247974068
576,0.9675850891410048
576,0.9619124797406807
581,0.9643724696356275
581,0.9619124797406807
581,0.9546191247974068
581,0.9675850891410048
581,0.9619124797406807
586,0.9643724696356275
586,0.960291734197731
586,0.9546191247974068
586,0.9675850891410048
586,0.9619124797406807
591,0.9643724696356275
591,0.960291734197731
591,0.9546191247974068
591,0.9667747163695299
591,0.9619124797406807
596,0.9643724696356275
596,0.960291734197731
596,0.953808752025932
596,0.965964343598055
596,0.9619124797406807
601,0.9643724696356275
601,0.9586709886547812
601,0.953808752025932
601,0.965964343598055
601,0.9627228525121556
606,0.9643724696356275
606,0.9586709886547812
606,0.953808752025932
606,0.965964343598055
606,0.9627228525121556
611,0.9643724696356275
611,0.9586709886547812
611,0.953808752025932
611,0.965964343598055
611,0.9627228525121556
616,0.9643724696356275
616,0.9586709886547812
616,0.9529983792544571
616,0.9651539708265803
616,0.9619124797406807
621,0.9643724696356275
621,0.9594813614262561
621,0.9521880064829822
621,0.9651539708265803
621,0.9611021069692058
626,0.9643724696356275
626,0.9594813614262561
626,0.9521880064829822
626,0.9651539708265803
626,0.9619124797406807
631,0.9643724696356275
631,0.9594813614262561
631,0.9521880064829822
631,0.9651539708265803
631,0.9619124797406807
636,0.9643724696356275
636,0.9594813614262561
636,0.9513776337115073
636,0.9651539708265803
636,0.9619124797406807
641,0.9643724696356275
641,0.9594813614262561
641,0.9505672609400324
641,0.9651539708265803
641,0.9619124797406807
646,0.9643724696356275
646,0.9594813614262561
646,0.9505672609400324
646,0.9643435980551054
646,0.9619124797406807
651,0.9643724696356275
651,0.9586709886547812
651,0.9505672609400324
651,0.9643435980551054
651,0.9619124797406807
656,0.9643724696356275
656,0.9594813614262561
656,0.9505672609400324
656,0.9643435980551054
656,0.9619124797406807
661,0.9643724696356275
661,0.9586709886547812
661,0.9505672609400324
661,0.9643435980551054
661,0.9619124797406807
666,0.9643724696356275
666,0.9594813614262561
666,0.9505672609400324
666,0.9651539708265803
666,0.9627228525121556
671,0.9643724696356275
671,0.9570502431118314
671,0.9505672609400324
671,0.9643435980551054
671,0.9627228525121556
676,0.9643724696356275
676,0.9570502431118314
676,0.9505672609400324
676,0.9643435980551054
676,0.9627228525121556
681,0.9643724696356275
681,0.9570502431118314
681,0.9505672609400324
681,0.9635332252836305
681,0.9627228525121556
686,0.9643724696356275
686,0.9578606158833063
686,0.9505672609400324
686,0.9635332252836305
686,0.9627228525121556
691,0.9643724696356275
691,0.9578606158833063
691,0.9505672609400324
691,0.9635332252836305
691,0.9627228525121556
696,0.9643724696356275
696,0.9562398703403565
696,0.9505672609400324
696,0.9635332252836305
696,0.9619124797406807
701,0.9643724696356275
701,0.9570502431118314
701,0.9505672609400324
701,0.9635332252836305
701,0.9619124797406807
706,0.9643724696356275
706,0.9554294975688817
706,0.9505672609400324
706,0.9635332252836305
706,0.9619124797406807
711,0.9643724696356275
711,0.9546191247974068
711,0.9505672609400324
711,0.9635332252836305
711,0.9619124797406807
716,0.9643724696356275
716,0.953808752025932
716,0.9505672609400324
716,0.9635332252836305
716,0.9619124797406807
721,0.9643724696356275
721,0.9546191247974068
721,0.9505672609400324
721,0.9635332252836305
721,0.9619124797406807
726,0.9643724696356275
726,0.9554294975688817
726,0.9505672609400324
726,0.9635332252836305
726,0.9619124797406807
731,0.9643724696356275
731,0.953808752025932
731,0.9505672609400324
731,0.9635332252836305
731,0.9619124797406807
736,0.9643724696356275
736,0.953808752025932
736,0.9505672609400324
736,0.9635332252836305
736,0.9611021069692058
741,0.9643724696356275
741,0.9546191247974068
741,0.9505672609400324
741,0.9643435980551054
741,0.9611021069692058
746,0.9643724696356275
746,0.953808752025932
746,0.9505672609400324
746,0.9643435980551054
746,0.9611021069692058
751,0.9635627530364372
751,0.9546191247974068
751,0.9497568881685575
751,0.9643435980551054
751,0.9611021069692058
756,0.9635627530364372
756,0.953808752025932
756,0.9497568881685575
756,0.9643435980551054
756,0.9611021069692058
761,0.9635627530364372
761,0.9546191247974068
761,0.9497568881685575
761,0.9643435980551054
761,0.9611021069692058
766,0.9635627530364372
766,0.953808752025932
766,0.9497568881685575
766,0.9643435980551054
766,0.9611021069692058
771,0.9635627530364372
771,0.9546191247974068
771,0.9497568881685575
771,0.9643435980551054
771,0.9611021069692058
776,0.9619433198380567
776,0.9554294975688817
776,0.9489465153970826
776,0.9635332252836305
776,0.9611021069692058
781,0.9619433198380567
781,0.9546191247974068
781,0.9489465153970826
781,0.9627228525121556
781,0.9611021069692058
786,0.9619433198380567
786,0.9546191247974068
786,0.9489465153970826
786,0.9627228525121556
786,0.9611021069692058
791,0.9619433198380567
791,0.9546191247974068
791,0.9489465153970826
791,0.9619124797406807
791,0.9611021069692058
796,0.9619433198380567
796,0.9546191247974068
796,0.9489465153970826
796,0.9619124797406807
796,0.9611021069692058
801,0.9619433198380567
801,0.953808752025932
801,0.9489465153970826
801,0.9619124797406807
801,0.960291734197731
806,0.9619433198380567
806,0.953808752025932
806,0.9489465153970826
806,0.9619124797406807
806,0.9594813614262561
811,0.962753036437247
811,0.9529983792544571
811,0.9489465153970826
811,0.9619124797406807
811,0.9586709886547812
816,0.962753036437247
816,0.9521880064829822
816,0.9505672609400324
816,0.9619124797406807
816,0.9586709886547812
821,0.9619433198380567
821,0.9529983792544571
821,0.9505672609400324
821,0.9611021069692058
821,0.9586709886547812
826,0.9619433198380567
826,0.9521880064829822
826,0.9505672609400324
826,0.9611021069692058
826,0.9586709886547812
831,0.9611336032388664
831,0.9521880064829822
831,0.9505672609400324
831,0.9619124797406807
831,0.9586709886547812
836,0.9611336032388664
836,0.9529983792544571
836,0.9505672609400324
836,0.9619124797406807
836,0.9586709886547812
841,0.9611336032388664
841,0.9521880064829822
841,0.9489465153970826
841,0.9611021069692058
841,0.9594813614262561
846,0.9603238866396762
846,0.9521880064829822
846,0.9489465153970826
846,0.960291734197731
846,0.9594813614262561
851,0.9595141700404858
851,0.9521880064829822
851,0.9489465153970826
851,0.960291734197731
851,0.9586709886547812
856,0.9603238866396762
856,0.9521880064829822
856,0.9497568881685575
856,0.960291734197731
856,0.9586709886547812
861,0.9603238866396762
861,0.9521880064829822
861,0.9497568881685575
861,0.960291734197731
861,0.9578606158833063
866,0.9603238866396762
866,0.9521880064829822
866,0.9489465153970826
866,0.960291734197731
866,0.9578606158833063
871,0.9603238866396762
871,0.9521880064829822
871,0.9481361426256077
871,0.960291734197731
871,0.9570502431118314
876,0.9595141700404858
876,0.9521880064829822
876,0.9481361426256077
876,0.960291734197731
876,0.9570502431118314
881,0.9603238866396762
881,0.9521880064829822
881,0.9481361426256077
881,0.960291734197731
881,0.9570502431118314
886,0.9603238866396762
886,0.9521880064829822
886,0.9473257698541329
886,0.960291734197731
886,0.9570502431118314
891,0.9603238866396762
891,0.9513776337115073
891,0.946515397082658
891,0.9594813614262561
891,0.9562398703403565
896,0.9603238866396762
896,0.9505672609400324
896,0.946515397082658
896,0.9594813614262561
896,0.9562398703403565
901,0.9603238866396762
901,0.9505672609400324
901,0.946515397082658
901,0.9594813614262561
901,0.9562398703403565
906,0.9603238866396762
906,0.9505672609400324
906,0.946515397082658
906,0.9594813614262561
906,0.9562398703403565
911,0.9603238866396762
911,0.9505672609400324
911,0.946515397082658
911,0.9594813614262561
911,0.9562398703403565
916,0.9603238866396762
916,0.9505672609400324
916,0.9473257698541329
916,0.9594813614262561
916,0.9562398703403565
921,0.9603238866396762
921,0.9489465153970826
921,0.9481361426256077
921,0.9594813614262561
921,0.9562398703403565
926,0.9595141700404858
926,0.9489465153970826
926,0.9473257698541329
926,0.9586709886547812
926,0.9562398703403565
931,0.9595141700404858
931,0.9473257698541329
931,0.946515397082658
931,0.9594813614262561
931,0.9562398703403565
936,0.9595141700404858
936,0.9481361426256077
936,0.9457050243111832
936,0.9594813614262561
936,0.9562398703403565
941,0.9595141700404858
941,0.9473257698541329
941,0.9448946515397083
941,0.9586709886547812
941,0.9562398703403565
946,0.9595141700404858
946,0.9481361426256077
946,0.9457050243111832
946,0.9586709886547812
946,0.9562398703403565
951,0.9587044534412955
951,0.9481361426256077
951,0.9448946515397083
951,0.9594813614262561
951,0.9562398703403565
956,0.957085020242915
956,0.9481361426256077
956,0.9448946515397083
956,0.9578606158833063
956,0.9562398703403565
961,0.9562753036437247
961,0.9473257698541329
961,0.9432739059967585
961,0.9578606158833063
961,0.9554294975688817
966,0.9562753036437247
966,0.9473257698541329
966,0.9432739059967585
966,0.9578606158833063
966,0.9546191247974068
971,0.9554655870445344
971,0.9473257698541329
971,0.9432739059967585
971,0.9578606158833063
971,0.9546191247974068
976,0.9554655870445344
976,0.946515397082658
976,0.9432739059967585
976,0.9578606158833063
976,0.953808752025932
981,0.9562753036437247
981,0.946515397082658
981,0.9416531604538088
981,0.9570502431118314
981,0.953808752025932
986,0.9562753036437247
986,0.946515397082658
986,0.940032414910859
986,0.9562398703403565
986,0.9546191247974068
991,0.9554655870445344
991,0.946515397082658
991,0.940032414910859
991,0.9562398703403565
991,0.953808752025932
996,0.9554655870445344
996,0.9457050243111832
996,0.940032414910859
996,0.9562398703403565
996,0.953808752025932
